Timestamp,I am currently enrolled in a college/university in Metro Manila. ,I acknowledge that my responses will remain anonymous and will be used solely for academic research purposes. ,School Type,Program/Course,Discipline,Year Level,What is your current General Weighted Average (GWA)? ,How often do you use AI to correct grammar and spelling in your schoolwork?  ,How difficult is correcting grammar and spelling for you?  ,How often do you use AI to rephrase sentences for clarity? ,How difficult is rephrasing sentences for you? ,"How often do you use AI to summarize articles, lectures, or videos? ",How difficult is summarizing for you? ,How often do you use AI to find or cite sources with short notes? ,How difficult is finding and citing sources for you?,How often do you use AI to brainstorm ideas or perspectives for assignments? ,How difficult is brainstorming ideas for you? ,How often do you use AI to generate outlines or structures for essays or projects? ,How difficult is making outlines or structures for you? ,"How often do you use AI to help you explain multi-step solutions? (i.e. math problems, coding exercises, or scientific procedures) ",How difficult is explaining multi-step solutions for you? ,How often do you use AI to solve complex or original problems? ,How difficult are complex or original problems for you? ,I feel confident using AI tools to support my schoolwork.,I can figure out how to use new AI features on my own. ,I can complete most academic tasks successfully when I use AI. ,I often feel unsure about the right way to use AI for my tasks. ,"I can troubleshoot basic AI issues (prompts, settings, exporting) without help. ",AI helps me finish academic work more efficiently. ,Using AI allows me to accomplish more in the same amount of time.  ,"AI reduces time spent on low-level steps (e.g., formatting, basic edits). ",Using AI usually slows me down. ,"With AI, I can focus more on higher-level thinking. ","Overall, how often do you use any AI tool for schoolwork? ",Using AI for class tasks feels straightforward to me. ,"Overall, AI makes my study time more effective.  ","You must draft a 1,500-word essay from scratch in 24 hours. How likely are you to use AI to generate the outline? (1-5) ",Raffle Entry: https://forms.gle/S7md6RL5ix6GNMsw8,If you want to enter our giveaway,total_dependency,profile,over_reliant,over_reliant_tasks,confidence_mean,productivity_mean,overall_ai_use,scenario_outline_likelihood,grammar_spelling_freq,grammar_spelling_diff,grammar_spelling_bloom,grammar_spelling_dep,rephrase_clarity_freq,rephrase_clarity_diff,rephrase_clarity_bloom,rephrase_clarity_dep,summarize_freq,summarize_diff,summarize_bloom,summarize_dep,find_cite_sources_freq,find_cite_sources_diff,find_cite_sources_bloom,find_cite_sources_dep,brainstorm_freq,brainstorm_diff,brainstorm_bloom,brainstorm_dep,outline_structure_freq,outline_structure_diff,outline_structure_bloom,outline_structure_dep,explain_multistep_freq,explain_multistep_diff,explain_multistep_bloom,explain_multistep_dep,solve_complex_freq,solve_complex_diff,solve_complex_bloom,solve_complex_dep,p75_threshold,high_dependency_p75,cluster_label
9/7/2025 14:41,Yes,Yes,Private Higher Education Institutions,BS IT,STEM,4,1.76-2.00,Occasionally,2,Occasionally,2,Sometimes,3,Sometimes,1,Sometimes,3,Occasionally,2,Often,3,Occasionally,2,Agree,Agree,Neutral,Disagree,Agree,Agree,Agree,Agree,Disagree,Agree,3,Agree,Agree,3,,,78,Regular,FALSE,,3.8,4,3,3,2,2,1,2,2,2,2,4,3,3,3,9,3,1,3,9,3,3,4,12,2,2,5,10,4,3,5,20,2,2,6,12,97,0,2
9/8/2025 21:37,Yes,Yes,Private Higher Education Institutions,BSBA Major in Operation Management,Non-STEM,1,1.76-2.00,Often,3,Often,2,Always,2,Occasionally,4,Occasionally,2,Never,3,Never,4,Never,3,Neutral,Disagree,Agree,Agree,Strongly Disagree,Agree,Agree,Neutral,Disagree,Agree,4,Neutral,Agree,3,,,57,Strategic,FALSE,,2.4,3.8,4,3,4,3,1,4,4,2,2,8,5,2,3,15,2,4,3,6,2,2,4,8,1,3,5,5,1,4,5,5,1,3,6,6,97,0,0
9/9/2025 7:41,Yes,Yes,Public Higher Education Institutions,BSCRIM ,Non-STEM,4,1.51-1.75,Occasionally,2,Occasionally,2,Never,1,Never,1,Never,1,Never,1,Never,1,Never,1,Neutral,Strongly Agree,Disagree,Strongly Disagree,Agree,Neutral,Neutral,Neutral,Disagree,Neutral,2,Neutral,Neutral,2,,,32,Regular,FALSE,,3.8,3.2,2,2,2,2,1,2,2,2,2,4,1,1,3,3,1,1,3,3,1,1,4,4,1,1,5,5,1,1,5,5,1,1,6,6,97,0,2
9/9/2025 16:03,Yes,Yes,Private Higher Education Institutions,BSBA,STEM,2,1.51-1.75,Occasionally,2,Occasionally,2,Sometimes,2,Never,3,Sometimes,2,Never,2,Sometimes,1,Occasionally,2,Strongly Disagree,Agree,Agree,Agree,Strongly Disagree,Agree,Agree,Agree,Strongly Agree,Strongly Disagree,2,Disagree,Agree,1,,,62,Regular,FALSE,,2.4,2.8,2,1,2,2,1,2,2,2,2,4,3,2,3,9,1,3,3,3,3,2,4,12,1,2,5,5,3,1,5,15,2,2,6,12,97,0,0
9/10/2025 21:21,Yes,Yes,Private Higher Education Institutions,Bachelor in Multimedia Arts,Non-STEM,2,1.26-1.50,Occasionally,2,Occasionally,3,Sometimes,4,Occasionally,3,Never,1,Occasionally,3,Occasionally,2,Sometimes,2,Disagree,Agree,Disagree,Neutral,Agree,Agree,Disagree,Strongly Disagree,Strongly Agree,Disagree,2,Agree,Strongly Disagree,2,,,63,Regular,FALSE,,3,2,2,2,2,2,1,2,2,3,2,4,3,4,3,9,2,3,3,6,1,1,4,4,2,3,5,10,2,2,5,10,3,2,6,18,97,0,0
9/10/2025 21:24,Yes,Yes,Private Higher Education Institutions,Bachelor of Multimedia Arts ,Non-STEM,2,1.51-1.75,Sometimes,3,Sometimes,3,Sometimes,3,Sometimes,3,Sometimes,3,Sometimes,3,Sometimes,3,Sometimes,3,Neutral,Neutral,Neutral,Neutral,Neutral,Neutral,Neutral,Neutral,Neutral,Neutral,3,Neutral,Neutral,3,,,87,Regular,FALSE,,3,3,3,3,3,3,1,3,3,3,2,6,3,3,3,9,3,3,3,9,3,3,4,12,3,3,5,15,3,3,5,15,3,3,6,18,97,0,0
9/10/2025 21:27,Yes,Yes,Private Higher Education Institutions,Bachelor of Multimedia Arts ,Non-STEM,1,1.51-1.75,Sometimes,3,Sometimes,4,Sometimes,3,Occasionally,4,Sometimes,3,Sometimes,4,Often,3,Often,3,Neutral,Neutral,Neutral,Neutral,Neutral,Neutral,Neutral,Disagree,Neutral,Neutral,2,Neutral,Disagree,4,,,95,Regular,FALSE,,3,2.8,2,4,3,3,1,3,3,4,2,6,3,3,3,9,2,4,3,6,3,3,4,12,3,4,5,15,4,3,5,20,4,3,6,24,97,0,0
9/10/2025 21:29,Yes,Yes,Private Higher Education Institutions,Bachelor of Multimedia Arts,Non-STEM,2,1.51-1.75,Sometimes,2,Sometimes,3,Sometimes,3,Never,3,Occasionally,2,Never,1,Sometimes,4,Sometimes,3,Disagree,Agree,Strongly Disagree,Disagree,Neutral,Neutral,Neutral,Agree,Disagree,Neutral,3,Neutral,Disagree,3,,,67,Regular,FALSE,,2.8,3.4,3,3,3,2,1,3,3,3,2,6,3,3,3,9,1,3,3,3,2,2,4,8,1,1,5,5,3,4,5,15,3,3,6,18,97,0,0
9/12/2025 15:06,Yes,Yes,Public Higher Education Institutions,Bachelor of Applied Science Major in Laboratory Technology ,"STEM (e.g.): Engineering, Computer Science, Nursing, Biology",3,2.01-2.50,Sometimes,3,Sometimes,3,Often,3,Occasionally,2,Occasionally,2,Never,1,Often,4,Sometimes,3,Neutral,Agree,Agree,Disagree,Agree,Neutral,Agree,Agree,Disagree,Neutral,2,Neutral,Agree,3,,,78,Regular,FALSE,,3.8,3.6,2,3,3,3,1,3,3,3,2,6,4,3,3,12,2,2,3,6,2,2,4,8,1,1,5,5,4,4,5,20,3,3,6,18,97,0,2
9/12/2025 15:08,Yes,Yes,Public Higher Education Institutions,Bachelor of Science in Food Technology ,"STEM (e.g.): Engineering, Computer Science, Nursing, Biology",3,2.01-2.50,Often,2,Sometimes,2,Occasionally,2,Always,1,Sometimes,2,Often,2,Sometimes,3,Often,3,Agree,Agree,Agree,Agree,Agree,Agree,Agree,Agree,Disagree,Neutral,4,Agree,Agree,5,,,102,Regular,FALSE,,3.6,3.8,4,5,4,2,1,4,3,2,2,6,2,2,3,6,5,1,3,15,3,2,4,12,4,2,5,20,3,3,5,15,4,3,6,24,97,1,1
9/12/2025 15:08,Yes,Yes,Public Higher Education Institutions,BS - Food Tech,"STEM (e.g.): Engineering, Computer Science, Nursing, Biology",3,1.51-1.75,Often,1,Sometimes,1,Occasionally,3,Often,2,Often,4,Occasionally,2,Often,4,Often,4,Agree,Strongly Agree,Agree,Strongly Agree,Agree,Strongly Agree,Disagree,Neutral,Disagree,Neutral,4,Agree,Agree,3,,,98,Regular,FALSE,,3.6,3.4,4,3,4,1,1,4,3,1,2,6,2,3,3,6,4,2,3,12,4,4,4,16,2,2,5,10,4,4,5,20,4,4,6,24,97,1,2
9/12/2025 15:08,Yes,Yes,Public Higher Education Institutions,BAS-LT,"STEM (e.g.): Engineering, Computer Science, Nursing, Biology",3,1.76-2.00,Often,3,Sometimes,2,Often,2,Sometimes,2,Sometimes,2,Sometimes,2,Sometimes,2,Sometimes,3,Agree,Agree,Neutral,Neutral,Neutral,Agree,Agree,Agree,Disagree,Agree,3,Neutral,Agree,3,,,91,Regular,FALSE,,3.4,4,3,3,4,3,1,4,3,2,2,6,4,2,3,12,3,2,3,9,3,2,4,12,3,2,5,15,3,2,5,15,3,3,6,18,97,0,2
9/12/2025 15:09,Yes,Yes,Public Higher Education Institutions,Bachelor of Science in Food Technology ,"STEM (e.g.): Engineering, Computer Science, Nursing, Biology",3,1.26-1.50,Sometimes,2,Often,2,Sometimes,2,Never,2,Often,3,Sometimes,3,Sometimes,2,Occasionally,3,Agree,Strongly Agree,Neutral,Neutral,Neutral,Agree,Agree,Neutral,Disagree,Neutral,4,Neutral,Neutral,3,,,81,Regular,FALSE,,3.6,3.6,4,3,3,2,1,3,4,2,2,8,3,2,3,9,1,2,3,3,4,3,4,16,3,3,5,15,3,2,5,15,2,3,6,12,97,0,2
9/12/2025 15:09,Yes,Yes,Public Higher Education Institutions,Bachelor of Science in Food Technology,"Non-STEM (e.g.): Business Administration, Psychology, Communication, Education",3,1.76-2.00,Sometimes,4,Often,5,Occasionally,4,Sometimes,4,Sometimes,4,Often,4,Sometimes,5,Sometimes,5,Neutral,Disagree,Strongly Disagree,Neutral,Neutral,Neutral,Neutral,Neutral,Agree,Disagree,4,Neutral,Neutral,4,,,91,Regular,FALSE,,2.4,2.6,4,4,3,4,1,3,4,5,2,8,2,4,3,6,3,4,3,9,3,4,4,12,4,4,5,20,3,5,5,15,3,5,6,18,97,0,0
9/12/2025 15:09,Yes,Yes,Public Higher Education Institutions,Bachelor of Science in Food Technology,"STEM (e.g.): Engineering, Computer Science, Nursing, Biology",3,1.51-1.75,Sometimes,2,Sometimes,2,Often,2,Never,1,Sometimes,2,Sometimes,2,Sometimes,3,Sometimes,3,Strongly Disagree,Neutral,Disagree,Agree,Neutral,Disagree,Disagree,Agree,Neutral,Disagree,3,Neutral,Neutral,1,,,84,Regular,FALSE,,2.2,2.6,3,1,3,2,1,3,3,2,2,6,4,2,3,12,1,1,3,3,3,2,4,12,3,2,5,15,3,3,5,15,3,3,6,18,97,0,0
9/12/2025 15:10,Yes,Yes,Public Higher Education Institutions, Bachelor of Science in Food Technology,"STEM (e.g.): Engineering, Computer Science, Nursing, Biology",3,1.76-2.00,Often,4,Sometimes,4,Sometimes,3,Sometimes,3,Sometimes,3,Often,4,Often,4,Sometimes,3,Neutral,Agree,Neutral,Agree,Neutral,Neutral,Neutral,Neutral,Agree,Neutral,3,Agree,Neutral,4,,,98,Regular,FALSE,,3,2.8,3,4,4,4,1,4,3,4,2,6,3,3,3,9,3,3,3,9,3,3,4,12,4,4,5,20,4,4,5,20,3,3,6,18,97,1,0
9/12/2025 15:10,Yes,Yes,Public Higher Education Institutions,Bachelor of Science in Food Technology,"STEM (e.g.): Engineering, Computer Science, Nursing, Biology",3,1.51-1.75,Always,5,Always,5,Often,4,Sometimes,4,Always,3,Often,5,Occasionally,2,Sometimes,3,Strongly Agree,Agree,Strongly Agree,Disagree,Agree,Strongly Agree,Agree,Neutral,Disagree,Agree,5,Agree,Agree,4,,,104,Regular,FALSE,,4.4,4,5,4,5,5,1,5,5,5,2,10,4,4,3,12,3,4,3,9,5,3,4,20,4,5,5,20,2,2,5,10,3,3,6,18,97,1,1
9/12/2025 15:10,Yes,Yes,Public Higher Education Institutions,Bachelor of Applied Science Major in Laboratory Technology,"STEM (e.g.): Engineering, Computer Science, Nursing, Biology",3,2.01-2.50,Sometimes,3,Often,4,Occasionally,3,Sometimes,3,Occasionally,3,Occasionally,2,Often,4,Sometimes,3,Disagree,Agree,Neutral,Neutral,Neutral,Neutral,Agree,Disagree,Agree,Disagree,3,Disagree,Neutral,3,,,82,Regular,FALSE,,3,2.6,3,3,3,3,1,3,4,4,2,8,2,3,3,6,3,3,3,9,2,3,4,8,2,2,5,10,4,4,5,20,3,3,6,18,97,0,0
9/12/2025 15:10,Yes,Yes,Public Higher Education Institutions,BAS-LT,"STEM (e.g.): Engineering, Computer Science, Nursing, Biology",4,2.01-2.50,Sometimes,3,Sometimes,3,Occasionally,3,Sometimes,4,Sometimes,3,Occasionally,3,Sometimes,4,Sometimes,4,Neutral,Neutral,Neutral,Agree,Neutral,Neutral,Neutral,Agree,Neutral,Neutral,3,Neutral,Neutral,3,,,79,Regular,FALSE,,2.8,3.2,3,3,3,3,1,3,3,3,2,6,2,3,3,6,3,4,3,9,3,3,4,12,2,3,5,10,3,4,5,15,3,4,6,18,97,0,0
9/12/2025 15:11,Yes,Yes,Public Higher Education Institutions,BAS-Laboratory Technology,"STEM (e.g.): Engineering, Computer Science, Nursing, Biology",3,1.51-1.75,Sometimes,2,Sometimes,3,Occasionally,4,Occasionally,1,Often,3,Sometimes,3,Sometimes,4,Sometimes,4,Agree,Agree,Agree,Disagree,Agree,Agree,Strongly Agree,Agree,Disagree,Strongly Agree,3,Neutral,Agree,4,,,85,Regular,FALSE,,4,4.4,3,4,3,2,1,3,3,3,2,6,2,4,3,6,2,1,3,6,4,3,4,16,3,3,5,15,3,4,5,15,3,4,6,18,97,0,1
9/12/2025 15:11,Yes,Yes,Public Higher Education Institutions,Bachelor of Science in Food Technology ,"STEM (e.g.): Engineering, Computer Science, Nursing, Biology",3,1.51-1.75,Sometimes,2,Sometimes,2,Occasionally,2,Never,1,Occasionally,2,Occasionally,2,Occasionally,2,Sometimes,3,Disagree,Neutral,Strongly Disagree,Agree,Neutral,Neutral,Neutral,Neutral,Agree,Neutral,2,Neutral,Agree,3,,,64,Regular,FALSE,,2.2,2.8,2,3,3,2,1,3,3,2,2,6,2,2,3,6,1,1,3,3,2,2,4,8,2,2,5,10,2,2,5,10,3,3,6,18,97,0,0
9/12/2025 15:11,Yes,Yes,Public Higher Education Institutions,Bachelor of applied science in laboratory technology ,"STEM (e.g.): Engineering, Computer Science, Nursing, Biology",3,1.76-2.00,Often,2,Sometimes,2,Often,3,Often,4,Often,3,Sometimes,3,Often,3,Sometimes,3,Agree,Neutral,Neutral,Neutral,Neutral,Agree,Neutral,Agree,Disagree,Agree,4,Agree,Agree,3,,,103,Regular,FALSE,,3.2,3.8,4,3,4,2,1,4,3,2,2,6,4,3,3,12,4,4,3,12,4,3,4,16,3,3,5,15,4,3,5,20,3,3,6,18,97,1,2
9/12/2025 15:11,Yes,Yes,Public Higher Education Institutions,Bachelor of Applied Science in Laboratory Technology ,"STEM (e.g.): Engineering, Computer Science, Nursing, Biology",3,1.76-2.00,Sometimes,3,Sometimes,3,Often,3,Occasionally,2,Occasionally,2,Sometimes,2,Sometimes,4,Sometimes,3,Strongly Disagree,Neutral,Neutral,Neutral,Disagree,Neutral,Neutral,Agree,Neutral,Strongly Disagree,4,Disagree,Disagree,3,,,83,Regular,FALSE,,2.4,2.8,4,3,3,3,1,3,3,3,2,6,4,3,3,12,2,2,3,6,2,2,4,8,3,2,5,15,3,4,5,15,3,3,6,18,97,0,0
9/12/2025 15:12,Yes,Yes,Public Higher Education Institutions,Bachelor of Applied Science major in Laboratory Technology ,"STEM (e.g.): Engineering, Computer Science, Nursing, Biology",3,2.01-2.50,Sometimes,3,Sometimes,2,Often,4,Occasionally,3,Often,3,Sometimes,3,Sometimes,3,Sometimes,3,Disagree,Disagree,Neutral,Neutral,Neutral,Neutral,Neutral,Neutral,Neutral,Agree,4,Neutral,Neutral,4,,,91,Regular,FALSE,,2.6,3.2,4,4,3,3,1,3,3,2,2,6,4,4,3,12,2,3,3,6,4,3,4,16,3,3,5,15,3,3,5,15,3,3,6,18,97,0,0
9/12/2025 15:12,Yes,Yes,Public Higher Education Institutions,Technological University of the Philippines - Manila,"STEM (e.g.): Engineering, Computer Science, Nursing, Biology",3,1.51-1.75,Sometimes,2,Often,3,Sometimes,3,Never,1,Occasionally,2,Occasionally,2,Never,1,Occasionally,2,Neutral,Agree,Neutral,Agree,Agree,Agree,Agree,Agree,Neutral,Disagree,3,Neutral,Agree,4,,,58,Regular,FALSE,,3.2,3.4,3,4,3,2,1,3,4,3,2,8,3,3,3,9,1,1,3,3,2,2,4,8,2,2,5,10,1,1,5,5,2,2,6,12,97,0,2
9/12/2025 15:12,Yes,Yes,Public Higher Education Institutions,BSFT,"STEM (e.g.): Engineering, Computer Science, Nursing, Biology",3,1.51-1.75,Often,3,Often,3,Sometimes,3,Occasionally,3,Occasionally,2,Occasionally,3,Often,3,Often,4,Neutral,Agree,Agree,Disagree,Agree,Agree,Strongly Agree,Strongly Agree,Strongly Disagree,Agree,3,Neutral,Neutral,4,,,89,Regular,FALSE,,3.8,4.6,3,4,4,3,1,4,4,3,2,8,3,3,3,9,2,3,3,6,2,2,4,8,2,3,5,10,4,3,5,20,4,4,6,24,97,0,1
9/12/2025 15:13,Yes,Yes,Public Higher Education Institutions,Bachelor of Applied Science in Laboratory Technology ,"STEM (e.g.): Engineering, Computer Science, Nursing, Biology",3,1.76-2.00,Often,3,Often,1,Often,1,Often,3,Often,1,Never,2,Occasionally,3,Sometimes,2,Agree,Agree,Strongly Agree,Neutral,Agree,Strongly Agree,Strongly Agree,Strongly Agree,Neutral,Neutral,4,Neutral,Agree,3,,,85,Regular,FALSE,,4,4.2,4,3,4,3,1,4,4,1,2,8,4,1,3,12,4,3,3,12,4,1,4,16,1,2,5,5,2,3,5,10,3,2,6,18,97,0,1
9/12/2025 15:13,Yes,Yes,Public Higher Education Institutions,Bachelor of Science in Food Technology,"STEM (e.g.): Engineering, Computer Science, Nursing, Biology",3,1.76-2.00,Sometimes,2,Sometimes,1,Often,2,Occasionally,2,Occasionally,2,Occasionally,2,Sometimes,2,Occasionally,2,Disagree,Neutral,Neutral,Neutral,Neutral,Neutral,Neutral,Neutral,Neutral,Neutral,3,Agree,Neutral,3,,,72,Regular,FALSE,,2.8,3,3,3,3,2,1,3,3,1,2,6,4,2,3,12,2,2,3,6,2,2,4,8,2,2,5,10,3,2,5,15,2,2,6,12,97,0,0
9/12/2025 15:14,Yes,Yes,Private Higher Education Institutions,BSN,"STEM (e.g.): Engineering, Computer Science, Nursing, Biology",4,1.51-1.75,Always,2,Often,2,Sometimes,1,Always,1,Always,2,Often,1,Often,2,Occasionally,3,Agree,Agree,Strongly Agree,Disagree,Neutral,Strongly Agree,Strongly Agree,Strongly Agree,Neutral,Agree,5,Agree,Agree,4,,,109,Regular,FALSE,,4,4.4,5,4,5,2,1,5,4,2,2,8,3,1,3,9,5,1,3,15,5,2,4,20,4,1,5,20,4,2,5,20,2,3,6,12,97,1,1
9/12/2025 15:14,Yes,Yes,Private Higher Education Institutions,Bachelor of science in laboratory technology ,"Non-STEM (e.g.): Business Administration, Psychology, Communication, Education",3,2.01-2.50,Sometimes,3,Sometimes,3,Sometimes,3,Sometimes,3,Sometimes,3,Sometimes,3,Occasionally,3,Occasionally,3,Disagree,Disagree,Disagree,Agree,Neutral,Neutral,Neutral,Agree,Agree,Disagree,3,Neutral,Neutral,3,,,76,Regular,FALSE,,2.2,2.8,3,3,3,3,1,3,3,3,2,6,3,3,3,9,3,3,3,9,3,3,4,12,3,3,5,15,2,3,5,10,2,3,6,12,97,0,0
9/12/2025 15:16,Yes,Yes,Public Higher Education Institutions,BS in Food Technology ,"STEM (e.g.): Engineering, Computer Science, Nursing, Biology",3,1.26-1.50,Sometimes,3,Sometimes,2,Sometimes,2,Never,1,Sometimes,3,Sometimes,2,Occasionally,4,Sometimes,3,Neutral,Neutral,Neutral,Neutral,Agree,Agree,Agree,Neutral,Disagree,Agree,4,Agree,Agree,4,,,76,Regular,FALSE,,3.2,3.8,4,4,3,3,1,3,3,2,2,6,3,2,3,9,1,1,3,3,3,3,4,12,3,2,5,15,2,4,5,10,3,3,6,18,97,0,2
9/12/2025 15:18,Yes,Yes,Public Higher Education Institutions,Bachelor of applied science in laboratory technology ,"STEM (e.g.): Engineering, Computer Science, Nursing, Biology",3,2.01-2.50,Sometimes,3,Sometimes,3,Sometimes,3,Sometimes,3,Sometimes,3,Sometimes,3,Sometimes,3,Sometimes,3,Agree,Agree,Neutral,Agree,Neutral,Agree,Agree,Agree,Neutral,Neutral,3,Neutral,Agree,3,,,87,Regular,FALSE,,3.2,3.6,3,3,3,3,1,3,3,3,2,6,3,3,3,9,3,3,3,9,3,3,4,12,3,3,5,15,3,3,5,15,3,3,6,18,97,0,2
9/12/2025 15:18,Yes,Yes,Public Higher Education Institutions,Bachelor of Applied Science in Laboratory Technology (BAS-LT),"STEM (e.g.): Engineering, Computer Science, Nursing, Biology",4,2.01-2.50,Sometimes,2,Sometimes,2,Sometimes,2,Often,3,Often,3,Often,2,Often,2,Sometimes,2,Neutral,Agree,Agree,Agree,Agree,Agree,Agree,Strongly Agree,Neutral,Agree,3,Neutral,Agree,4,,,104,Regular,FALSE,,3.4,4,3,4,3,2,1,3,3,2,2,6,3,2,3,9,4,3,3,12,4,3,4,16,4,2,5,20,4,2,5,20,3,2,6,18,97,1,1
9/12/2025 15:18,Yes,Yes,Public Higher Education Institutions,Food Technology ,"STEM (e.g.): Engineering, Computer Science, Nursing, Biology",3,1.26-1.50,Sometimes,3,Occasionally,2,Occasionally,3,Occasionally,3,Occasionally,3,Occasionally,3,Never,2,Occasionally,3,Neutral,Agree,Agree,Neutral,Neutral,Agree,Agree,Agree,Neutral,Agree,3,Neutral,Agree,4,,,54,Regular,FALSE,,3.4,3.8,3,4,3,3,1,3,2,2,2,4,2,3,3,6,2,3,3,6,2,3,4,8,2,3,5,10,1,2,5,5,2,3,6,12,97,0,2
9/12/2025 15:18,Yes,Yes,Public Higher Education Institutions,BSFT,"STEM (e.g.): Engineering, Computer Science, Nursing, Biology",3,1.51-1.75,Often,3,Sometimes,3,Sometimes,3,Occasionally,3,Occasionally,2,Sometimes,3,Often,4,Often,4,Agree,Agree,Agree,Disagree,Strongly Agree,Agree,Agree,Agree,Strongly Disagree,Agree,3,Agree,Neutral,3,,,92,Regular,FALSE,,4.2,4.2,3,3,4,3,1,4,3,3,2,6,3,3,3,9,2,3,3,6,2,2,4,8,3,3,5,15,4,4,5,20,4,4,6,24,97,0,1
9/12/2025 15:19,Yes,Yes,Public Higher Education Institutions,Bachelor of Science in Food Technology ,"STEM (e.g.): Engineering, Computer Science, Nursing, Biology",3,1.51-1.75,Occasionally,2,Occasionally,2,Sometimes,3,Occasionally,3,Occasionally,3,Occasionally,2,Occasionally,3,Occasionally,3,Neutral,Agree,Disagree,Disagree,Agree,Agree,Neutral,Neutral,Neutral,Neutral,2,Neutral,Neutral,2,,,61,Regular,FALSE,,3.4,3.2,2,2,2,2,1,2,2,2,2,4,3,3,3,9,2,3,3,6,2,3,4,8,2,2,5,10,2,3,5,10,2,3,6,12,97,0,2
9/12/2025 15:19,Yes,Yes,Public Higher Education Institutions,Bachelor of Applied Science Major in Laboratory Technology,"STEM (e.g.): Engineering, Computer Science, Nursing, Biology",5+,1.76-2.00,Often,2,Often,2,Sometimes,3,Occasionally,3,Often,2,Sometimes,2,Often,3,Often,3,Neutral,Neutral,Disagree,Agree,Neutral,Neutral,Neutral,Neutral,Agree,Neutral,2,Agree,Agree,3,,,102,Regular,FALSE,,2.6,2.8,2,3,4,2,1,4,4,2,2,8,3,3,3,9,2,3,3,6,4,2,4,16,3,2,5,15,4,3,5,20,4,3,6,24,97,1,0
9/12/2025 15:19,Yes,Yes,Public Higher Education Institutions,BAS-LT,"STEM (e.g.): Engineering, Computer Science, Nursing, Biology",3,2.01-2.50,Often,1,Sometimes,1,Often,2,Sometimes,3,Sometimes,3,Often,3,Often,4,Often,3,Disagree,Neutral,Disagree,Agree,Neutral,Neutral,Neutral,Agree,Neutral,Neutral,4,Neutral,Agree,3,,,107,Regular,FALSE,,2.4,3.2,4,3,4,1,1,4,3,1,2,6,4,2,3,12,3,3,3,9,3,3,4,12,4,3,5,20,4,4,5,20,4,3,6,24,97,1,0
9/12/2025 15:20,Yes,Yes,Public Higher Education Institutions,BSFT,"STEM (e.g.): Engineering, Computer Science, Nursing, Biology",3,1.51-1.75,Sometimes,2,Sometimes,2,Occasionally,2,Occasionally,2,Sometimes,2,Occasionally,3,Occasionally,3,Sometimes,4,Neutral,Neutral,Neutral,Neutral,Disagree,Neutral,Neutral,Neutral,Disagree,Neutral,4,Neutral,Neutral,4,,,71,Regular,FALSE,,2.8,3.2,4,4,3,2,1,3,3,2,2,6,2,2,3,6,2,2,3,6,3,2,4,12,2,3,5,10,2,3,5,10,3,4,6,18,97,0,0
9/12/2025 15:21,Yes,Yes,Public Higher Education Institutions,Bachelor of Science in Food Technology ,"STEM (e.g.): Engineering, Computer Science, Nursing, Biology",3,1.51-1.75,Occasionally,2,Occasionally,3,Occasionally,3,Never,2,Sometimes,3,Often,3,Occasionally,4,Often,4,Agree,Neutral,Agree,Neutral,Agree,Strongly Agree,Agree,Neutral,Disagree,Neutral,3,Neutral,Neutral,3,,,81,Regular,FALSE,,3.6,3.8,3,3,2,2,1,2,2,3,2,4,2,3,3,6,1,2,3,3,3,3,4,12,4,3,5,20,2,4,5,10,4,4,6,24,97,0,2
9/12/2025 15:22,Yes,Yes,Public Higher Education Institutions,Bachelor of Science in Food Technology ,"STEM (e.g.): Engineering, Computer Science, Nursing, Biology",3,1.76-2.00,Often,3,Often,4,Sometimes,2,Occasionally,2,Occasionally,4,Often,4,Sometimes,4,Often,4,Agree,Agree,Strongly Agree,Neutral,Neutral,Strongly Agree,Strongly Agree,Strongly Agree,Disagree,Agree,4,Agree,Agree,5,,,94,Strategic,FALSE,,3.8,4.6,4,5,4,3,1,4,4,4,2,8,3,2,3,9,2,2,3,6,2,4,4,8,4,4,5,20,3,4,5,15,4,4,6,24,97,0,1
9/12/2025 15:23,Yes,Yes,Public Higher Education Institutions,BSFT,"Non-STEM (e.g.): Business Administration, Psychology, Communication, Education",3,1.51-1.75,Often,3,Often,3,Sometimes,3,Sometimes,3,Sometimes,3,Sometimes,3,Sometimes,3,Often,3,Neutral,Neutral,Agree,Neutral,Neutral,Neutral,Agree,Neutral,Neutral,Neutral,3,Neutral,Neutral,3,,,96,Regular,FALSE,,3.2,3.2,3,3,4,3,1,4,4,3,2,8,3,3,3,9,3,3,3,9,3,3,4,12,3,3,5,15,3,3,5,15,4,3,6,24,97,0,2
9/12/2025 15:23,Yes,Yes,Public Higher Education Institutions,Bachelor of Science in Food Technology,"STEM (e.g.): Engineering, Computer Science, Nursing, Biology",3,1.51-1.75,Occasionally,3,Sometimes,3,Often,4,Never,3,Sometimes,2,Never,1,Often,4,Often,4,Agree,Agree,Disagree,Agree,Agree,Agree,Disagree,Agree,Disagree,Agree,4,Agree,Agree,4,,,84,Regular,FALSE,,3.2,3.6,4,4,2,3,1,2,3,3,2,6,4,4,3,12,1,3,3,3,3,2,4,12,1,1,5,5,4,4,5,20,4,4,6,24,97,0,2
9/12/2025 15:24,Yes,Yes,Public Higher Education Institutions,BAS-LT-3A ,"STEM (e.g.): Engineering, Computer Science, Nursing, Biology",3,2.01-2.50,Sometimes,3,Sometimes,3,Occasionally,3,Occasionally,3,Sometimes,3,Sometimes,3,Sometimes,3,Sometimes,3,Neutral,Disagree,Neutral,Neutral,Disagree,Neutral,Neutral,Neutral,Neutral,Neutral,3,Neutral,Neutral,3,,,81,Regular,FALSE,,2.6,3,3,3,3,3,1,3,3,3,2,6,2,3,3,6,2,3,3,6,3,3,4,12,3,3,5,15,3,3,5,15,3,3,6,18,97,0,0
9/12/2025 15:28,Yes,Yes,Public Higher Education Institutions,Bachelor of Science in Food Technology ,"STEM (e.g.): Engineering, Computer Science, Nursing, Biology",3,2.01-2.50,Often,2,Sometimes,3,Sometimes,2,Often,3,Sometimes,4,Often,4,Often,4,Often,4,Agree,Agree,Strongly Agree,Strongly Agree,Agree,Agree,Agree,Strongly Agree,Strongly Agree,Agree,4,Strongly Agree,Strongly Agree,4,,,107,Regular,FALSE,,3.6,3.6,4,4,4,2,1,4,3,3,2,6,3,2,3,9,4,3,3,12,3,4,4,12,4,4,5,20,4,4,5,20,4,4,6,24,97,1,1
9/12/2025 15:33,Yes,Yes,Public Higher Education Institutions,Food Technology,"STEM (e.g.): Engineering, Computer Science, Nursing, Biology",3,1.51-1.75,Sometimes,3,Sometimes,3,Sometimes,3,Occasionally,3,Often,3,Sometimes,3,Often,4,Sometimes,4,Neutral,Neutral,Agree,Agree,Neutral,Neutral,Agree,Neutral,Disagree,Neutral,3,Neutral,Agree,4,,,93,Regular,FALSE,,3,3.4,3,4,3,3,1,3,3,3,2,6,3,3,3,9,2,3,3,6,4,3,4,16,3,3,5,15,4,4,5,20,3,4,6,18,97,0,2
9/12/2025 15:34,Yes,Yes,Public Higher Education Institutions,Bachelor of Science in Food Technology ,"STEM (e.g.): Engineering, Computer Science, Nursing, Biology",3,1.51-1.75,Sometimes,3,Often,2,Often,3,Sometimes,4,Occasionally,3,Never,2,Occasionally,2,Sometimes,3,Neutral,Agree,Neutral,Neutral,Neutral,Neutral,Disagree,Strongly Disagree,Neutral,Neutral,3,Neutral,Agree,4,,,73,Regular,FALSE,,3.2,2.4,3,4,3,3,1,3,4,2,2,8,4,3,3,12,3,4,3,9,2,3,4,8,1,2,5,5,2,2,5,10,3,3,6,18,97,0,0
9/12/2025 15:36,Yes,Yes,Public Higher Education Institutions,Bachelor of Science in Food Technology ,"STEM (e.g.): Engineering, Computer Science, Nursing, Biology",3,1.51-1.75,Often,3,Often,3,Often,3,Often,4,Always,3,Often,3,Often,4,Sometimes,4,Neutral,Agree,Neutral,Neutral,Neutral,Agree,Agree,Strongly Agree,Neutral,Agree,4,Agree,Agree,3,,,114,Regular,FALSE,,3.2,4,4,3,4,3,1,4,4,3,2,8,4,3,3,12,4,4,3,12,5,3,4,20,4,3,5,20,4,4,5,20,3,4,6,18,97,1,1
9/12/2025 15:37,Yes,Yes,Public Higher Education Institutions,Bachelor Of Science In Food Technology,"Non-STEM (e.g.): Business Administration, Psychology, Communication, Education",3,1.51-1.75,Often,2,Sometimes,2,Sometimes,2,Occasionally,2,Sometimes,2,Often,3,Occasionally,3,Occasionally,2,Agree,Agree,Strongly Agree,Neutral,Neutral,Agree,Agree,Neutral,Strongly Disagree,Strongly Agree,4,Neutral,Agree,3,,,79,Regular,FALSE,,3.8,4.2,4,3,4,2,1,4,3,2,2,6,3,2,3,9,2,2,3,6,3,2,4,12,4,3,5,20,2,3,5,10,2,2,6,12,97,0,1
9/12/2025 15:39,Yes,Yes,Public Higher Education Institutions,Bachelor of Science in Food Technology,"STEM (e.g.): Engineering, Computer Science, Nursing, Biology",3,1.51-1.75,Sometimes,2,Often,2,Occasionally,3,Sometimes,3,Often,3,Occasionally,3,Often,3,Occasionally,3,Disagree,Agree,Strongly Disagree,Agree,Strongly Disagree,Agree,Agree,Strongly Agree,Disagree,Strongly Disagree,4,Agree,Disagree,4,,,84,Regular,FALSE,,2,3.6,4,4,3,2,1,3,4,2,2,8,2,3,3,6,3,3,3,9,4,3,4,16,2,3,5,10,4,3,5,20,2,3,6,12,97,0,0
9/12/2025 15:42,Yes,Yes,Public Higher Education Institutions,Bachelor of Science in Food Technology ,"STEM (e.g.): Engineering, Computer Science, Nursing, Biology",3,1.76-2.00,Sometimes,3,Sometimes,3,Sometimes,2,Sometimes,3,Always,3,Sometimes,2,Always,3,Sometimes,3,Neutral,Neutral,Agree,Neutral,Neutral,Agree,Neutral,Neutral,Disagree,Agree,3,Neutral,Agree,3,,,105,Regular,FALSE,,3.2,3.6,3,3,3,3,1,3,3,3,2,6,3,2,3,9,3,3,3,9,5,3,4,20,3,2,5,15,5,3,5,25,3,3,6,18,97,1,2
9/12/2025 15:42,Yes,Yes,Public Higher Education Institutions,BSFT,"STEM (e.g.): Engineering, Computer Science, Nursing, Biology",5+,1.76-2.00,Sometimes,3,Always,2,Occasionally,2,Always,1,Often,3,Sometimes,2,Often,2,Sometimes,3,Agree,Agree,Agree,Disagree,Neutral,Agree,Agree,Agree,Disagree,Agree,4,Agree,Agree,4,,,103,Regular,FALSE,,3.8,4,4,4,3,3,1,3,5,2,2,10,2,2,3,6,5,1,3,15,4,3,4,16,3,2,5,15,4,2,5,20,3,3,6,18,97,1,1
9/12/2025 15:46,Yes,Yes,Public Higher Education Institutions,Bachelor of Science in Food Technology ,"STEM (e.g.): Engineering, Computer Science, Nursing, Biology",3,1.51-1.75,Often,3,Often,2,Often,4,Sometimes,2,Sometimes,2,Occasionally,2,Often,4,Often,3,Agree,Agree,Agree,Disagree,Strongly Disagree,Agree,Agree,Agree,Disagree,Strongly Agree,3,Neutral,Strongly Agree,2,,,99,Regular,FALSE,,3.4,4.2,3,2,4,3,1,4,4,2,2,8,4,4,3,12,3,2,3,9,3,2,4,12,2,2,5,10,4,4,5,20,4,3,6,24,97,1,1
9/12/2025 15:47,Yes,Yes,Public Higher Education Institutions,Bachelor of science in food technology ,"STEM (e.g.): Engineering, Computer Science, Nursing, Biology",3,1.51-1.75,Often,3,Sometimes,3,Occasionally,4,Sometimes,2,Sometimes,3,Often,4,Always,4,Often,4,Neutral,Neutral,Neutral,Neutral,Disagree,Agree,Neutral,Agree,Neutral,Neutral,4,Neutral,Agree,3,,,106,Regular,FALSE,,2.8,3.4,4,3,4,3,1,4,3,3,2,6,2,4,3,6,3,2,3,9,3,3,4,12,4,4,5,20,5,4,5,25,4,4,6,24,97,1,2
9/12/2025 15:48,Yes,Yes,Public Higher Education Institutions,Bachelor of Science in Food Technology,"STEM (e.g.): Engineering, Computer Science, Nursing, Biology",5+,1.76-2.00,Sometimes,3,Sometimes,2,Often,3,Sometimes,2,Sometimes,3,Sometimes,3,Occasionally,3,Sometimes,4,Neutral,Agree,Neutral,Agree,Disagree,Agree,Neutral,Agree,Neutral,Neutral,3,Disagree,Disagree,2,,,85,Regular,FALSE,,2.8,3.4,3,2,3,3,1,3,3,2,2,6,4,3,3,12,3,2,3,9,3,3,4,12,3,3,5,15,2,3,5,10,3,4,6,18,97,0,2
9/12/2025 15:49,Yes,Yes,Public Higher Education Institutions,BSFT,"Non-STEM (e.g.): Business Administration, Psychology, Communication, Education",3,1.76-2.00,Sometimes,2,Sometimes,3,Sometimes,2,Sometimes,2,Often,3,Sometimes,3,Sometimes,5,Sometimes,2,Agree,Neutral,Neutral,Neutral,Disagree,Agree,Agree,Agree,Disagree,Agree,3,Neutral,Agree,4,,,91,Regular,FALSE,,3,4,3,4,3,2,1,3,3,3,2,6,3,2,3,9,3,2,3,9,4,3,4,16,3,3,5,15,3,5,5,15,3,2,6,18,97,0,2
9/12/2025 16:30,Yes,Yes,Public Higher Education Institutions,Bachelor of Applied Science in Laboratory Technology,"STEM (e.g.): Engineering, Computer Science, Nursing, Biology",3,2.01-2.50,Sometimes,3,Sometimes,3,Sometimes,3,Sometimes,3,Sometimes,3,Sometimes,3,Sometimes,3,Sometimes,3,Neutral,Strongly Agree,Neutral,Neutral,Strongly Agree,Neutral,Neutral,Agree,Disagree,Neutral,3,Neutral,Agree,2,,,87,Regular,FALSE,,3.8,3.4,3,2,3,3,1,3,3,3,2,6,3,3,3,9,3,3,3,9,3,3,4,12,3,3,5,15,3,3,5,15,3,3,6,18,97,0,2
9/12/2025 16:32,Yes,Yes,Public Higher Education Institutions,Bachelor of Applied Science in Laboratory Technology,"STEM (e.g.): Engineering, Computer Science, Nursing, Biology",3,2.01-2.50,Sometimes,1,Sometimes,2,Sometimes,2,Sometimes,3,Sometimes,2,Occasionally,2,Occasionally,3,Occasionally,2,Agree,Neutral,Agree,Neutral,Disagree,Agree,Agree,Agree,Disagree,Neutral,3,Disagree,Agree,1,,,71,Regular,FALSE,,3.2,3.8,3,1,3,1,1,3,3,2,2,6,3,2,3,9,3,3,3,9,3,2,4,12,2,2,5,10,2,3,5,10,2,2,6,12,97,0,2
9/12/2025 16:33,Yes,Yes,Public Higher Education Institutions,BAS Laboratory Technology,"STEM (e.g.): Engineering, Computer Science, Nursing, Biology",3,2.01-2.50,Occasionally,3,Sometimes,3,Often,3,Occasionally,3,Sometimes,3,Occasionally,3,Often,5,Occasionally,1,Neutral,Strongly Agree,Neutral,Disagree,Agree,Neutral,Agree,Agree,Disagree,Agree,3,Neutral,Strongly Agree,2,,,80,Regular,FALSE,,3.8,3.8,3,2,2,3,1,2,3,3,2,6,4,3,3,12,2,3,3,6,3,3,4,12,2,3,5,10,4,5,5,20,2,1,6,12,97,0,2
9/12/2025 16:34,Yes,Yes,Public Higher Education Institutions,Bachelor of Applied Science in Laboratory Technology ,"STEM (e.g.): Engineering, Computer Science, Nursing, Biology",3,1.51-1.75,Sometimes,2,Often,2,Often,2,Often,2,Sometimes,2,Sometimes,2,Sometimes,2,Sometimes,3,Neutral,Neutral,Agree,Agree,Neutral,Agree,Agree,Neutral,Disagree,Neutral,3,Neutral,Neutral,3,,,95,Regular,FALSE,,3,3.6,3,3,3,2,1,3,4,2,2,8,4,2,3,12,4,2,3,12,3,2,4,12,3,2,5,15,3,2,5,15,3,3,6,18,97,0,2
9/12/2025 16:34,Yes,Yes,Public Higher Education Institutions,BAS-LT,"STEM (e.g.): Engineering, Computer Science, Nursing, Biology",3,2.01-2.50,Never,1,Occasionally,2,Never,1,Never,1,Sometimes,3,Occasionally,2,Sometimes,3,Occasionally,3,Disagree,Neutral,Agree,Agree,Neutral,Strongly Agree,Agree,Neutral,Disagree,Agree,3,Agree,Agree,2,,,60,Regular,FALSE,,2.8,4,3,2,1,1,1,1,2,2,2,4,1,1,3,3,1,1,3,3,3,3,4,12,2,2,5,10,3,3,5,15,2,3,6,12,97,0,2
9/12/2025 16:34,Yes,Yes,Public Higher Education Institutions,Bachelor of Applied Science in Laboratory Technology,"STEM (e.g.): Engineering, Computer Science, Nursing, Biology",3,1.76-2.00,Often,3,Often,2,Occasionally,3,Never,3,Sometimes,3,Occasionally,2,Sometimes,3,Occasionally,4,Neutral,Agree,Neutral,Neutral,Agree,Neutral,Disagree,Disagree,Disagree,Neutral,3,Neutral,Neutral,3,,,70,Strategic,FALSE,,3.4,2.8,3,3,4,3,1,4,4,2,2,8,2,3,3,6,1,3,3,3,3,3,4,12,2,2,5,10,3,3,5,15,2,4,6,12,97,0,0
9/12/2025 16:52,Yes,Yes,Public Higher Education Institutions,BAS-LT-3A ,"STEM (e.g.): Engineering, Computer Science, Nursing, Biology",3,1.76-2.00,Always,3,Always,3,Always,3,Occasionally,3,Occasionally,3,Always,3,Always,3,Always,3,Agree,Agree,Agree,Agree,Agree,Agree,Agree,Agree,Disagree,Agree,5,Agree,Agree,5,,,124,Regular,FALSE,,3.6,4,5,5,5,3,1,5,5,3,2,10,5,3,3,15,2,3,3,6,2,3,4,8,5,3,5,25,5,3,5,25,5,3,6,30,97,1,1
9/12/2025 17:56,Yes,Yes,Public Higher Education Institutions,BSIT,"STEM (e.g.): Engineering, Computer Science, Nursing, Biology",4,1.51-1.75,Often,2,Sometimes,3,Sometimes,3,Sometimes,4,Always,2,Often,3,Always,3,Always,4,Agree,Agree,Agree,Neutral,Agree,Strongly Agree,Agree,Strongly Agree,Disagree,Neutral,4,Agree,Strongly Agree,4,,,123,Regular,FALSE,,3.8,4.2,4,4,4,2,1,4,3,3,2,6,3,3,3,9,3,4,3,9,5,2,4,20,4,3,5,20,5,3,5,25,5,4,6,30,97,1,1
9/12/2025 18:45,Yes,Yes,Private Higher Education Institutions,Information Technology,"STEM (e.g.): Engineering, Computer Science, Nursing, Biology",3,2.01-2.50,Occasionally,2,Occasionally,2,Occasionally,2,Occasionally,3,Sometimes,3,Occasionally,3,Sometimes,2,Sometimes,3,Disagree,Disagree,Disagree,Disagree,Disagree,Neutral,Neutral,Neutral,Neutral,Disagree,2,Disagree,Disagree,2,,,73,Regular,FALSE,,2.4,2.8,2,2,2,2,1,2,2,2,2,4,2,2,3,6,2,3,3,6,3,3,4,12,2,3,5,10,3,2,5,15,3,3,6,18,97,0,0
9/12/2025 18:56,Yes,Yes,Public Higher Education Institutions,Bachelor of Science in Food Technology,"Non-STEM (e.g.): Business Administration, Psychology, Communication, Education",3,1.76-2.00,Sometimes,3,Often,4,Occasionally,2,Occasionally,3,Never,1,Sometimes,3,Often,4,Sometimes,3,Agree,Agree,Agree,Neutral,Neutral,Agree,Neutral,Strongly Agree,Disagree,Neutral,3,Agree,Agree,3,,,80,Regular,FALSE,,3.6,3.8,3,3,3,3,1,3,4,4,2,8,2,2,3,6,2,3,3,6,1,1,4,4,3,3,5,15,4,4,5,20,3,3,6,18,97,0,2
9/12/2025 20:28,Yes,Yes,Public Higher Education Institutions,Bachelor of Science in Food Technology ,"STEM (e.g.): Engineering, Computer Science, Nursing, Biology",3,1.51-1.75,Often,2,Sometimes,2,Always,4,Always,4,Often,3,Occasionally,2,Often,2,Sometimes,4,Agree,Agree,Neutral,Neutral,Strongly Agree,Agree,Strongly Agree,Strongly Agree,Strongly Disagree,Agree,4,Agree,Agree,4,,,104,Regular,FALSE,,3.8,4.6,4,4,4,2,1,4,3,2,2,6,5,4,3,15,5,4,3,15,4,3,4,16,2,2,5,10,4,2,5,20,3,4,6,18,97,1,1
9/12/2025 21:07,Yes,Yes,Public Higher Education Institutions,Bachelor of Applied Science in Laboratory Technology,"STEM (e.g.): Engineering, Computer Science, Nursing, Biology",3,1.76-2.00,Sometimes,2,Occasionally,2,Often,3,Occasionally,3,Sometimes,2,Never,1,Often,3,Always,4,Neutral,Agree,Strongly Disagree,Agree,Strongly Agree,Neutral,Strongly Agree,Agree,Neutral,Agree,3,Neutral,Agree,1,,,92,Regular,FALSE,,3,3.8,3,1,3,2,1,3,2,2,2,4,4,3,3,12,2,3,3,6,3,2,4,12,1,1,5,5,4,3,5,20,5,4,6,30,97,0,2
9/12/2025 21:54,Yes,Yes,Public Higher Education Institutions,Bachelor or Applied Science in Laboratory Technology,"STEM (e.g.): Engineering, Computer Science, Nursing, Biology",3,2.01-2.50,Sometimes,3,Sometimes,3,Sometimes,3,Sometimes,3,Often,3,Sometimes,3,Sometimes,3,Sometimes,3,Neutral,Agree,Neutral,Neutral,Neutral,Neutral,Neutral,Neutral,Neutral,Neutral,3,Neutral,Neutral,3,,,91,Regular,FALSE,,3.2,3,3,3,3,3,1,3,3,3,2,6,3,3,3,9,3,3,3,9,4,3,4,16,3,3,5,15,3,3,5,15,3,3,6,18,97,0,2
9/12/2025 21:55,Yes,Yes,Public Higher Education Institutions,Bachelor of Science in Food Technology,"STEM (e.g.): Engineering, Computer Science, Nursing, Biology",3,1.51-1.75,Occasionally,3,Occasionally,4,Often,3,Sometimes,3,Often,4,Sometimes,4,Often,4,Sometimes,3,Neutral,Neutral,Agree,Neutral,Disagree,Agree,Neutral,Agree,Neutral,Agree,5,Neutral,Agree,3,,,96,Regular,FALSE,,3,3.6,5,3,2,3,1,2,2,4,2,4,4,3,3,12,3,3,3,9,4,4,4,16,3,4,5,15,4,4,5,20,3,3,6,18,97,0,2
9/12/2025 21:57,Yes,Yes,Public Higher Education Institutions,Bachelor of Applied Science in Laboratory Technology,"STEM (e.g.): Engineering, Computer Science, Nursing, Biology",3,2.01-2.50,Sometimes,3,Sometimes,3,Sometimes,3,Sometimes,3,Sometimes,3,Sometimes,3,Sometimes,3,Sometimes,3,Neutral,Neutral,Neutral,Neutral,Neutral,Neutral,Neutral,Neutral,Neutral,Neutral,3,Neutral,Neutral,3,,,87,Regular,FALSE,,3,3,3,3,3,3,1,3,3,3,2,6,3,3,3,9,3,3,3,9,3,3,4,12,3,3,5,15,3,3,5,15,3,3,6,18,97,0,0
9/13/2025 0:06,Yes,Yes,Public Higher Education Institutions,Bachelor of Hospitality Management ,"Non-STEM (e.g.): Business Administration, Psychology, Communication, Education",4,1.51-1.75,Often,3,Sometimes,2,Always,4,Always,4,Sometimes,3,Sometimes,3,Occasionally,4,Occasionally,2,Neutral,Agree,Agree,Neutral,Agree,Agree,Agree,Agree,Neutral,Agree,3,Agree,Neutral,4,,,89,Strategic,FALSE,,3.6,3.8,3,4,4,3,1,4,3,2,2,6,5,4,3,15,5,4,3,15,3,3,4,12,3,3,5,15,2,4,5,10,2,2,6,12,97,0,2
9/13/2025 0:07,Yes,Yes,Public Higher Education Institutions,Bachelor of Applied Science in Laboratory Technology ,"STEM (e.g.): Engineering, Computer Science, Nursing, Biology",3,2.01-2.50,Often,2,Occasionally,1,Occasionally,3,Occasionally,2,Sometimes,3,Never,1,Often,4,Often,4,Neutral,Agree,Agree,Disagree,Agree,Agree,Agree,Agree,Disagree,Agree,4,Agree,Agree,1,,,81,Regular,FALSE,,3.8,4,4,1,4,2,1,4,2,1,2,4,2,3,3,6,2,2,3,6,3,3,4,12,1,1,5,5,4,4,5,20,4,4,6,24,97,0,2
9/13/2025 2:04,Yes,Yes,Private Higher Education Institutions,BSIT,"STEM (e.g.): Engineering, Computer Science, Nursing, Biology",4,1.26-1.50,Sometimes,2,Often,3,Often,3,Sometimes,2,Sometimes,1,Occasionally,3,Often,3,Occasionally,4,Strongly Disagree,Agree,Strongly Disagree,Strongly Agree,Agree,Strongly Agree,Strongly Agree,Strongly Agree,Disagree,Strongly Agree,4,Agree,Agree,4,,,86,Strategic,FALSE,,2.2,4.8,4,4,3,2,1,3,4,3,2,8,4,3,3,12,3,2,3,9,3,1,4,12,2,3,5,10,4,3,5,20,2,4,6,12,97,0,2
9/13/2025 5:39,Yes,Yes,Public Higher Education Institutions,Bachelor of Applied Science in Laboratory Technology ,"STEM (e.g.): Engineering, Computer Science, Nursing, Biology",3,1.76-2.00,Often,2,Always,1,Often,1,Always,4,Always,1,Sometimes,3,Sometimes,3,Often,3,Agree,Agree,Agree,Agree,Neutral,Agree,Strongly Agree,Agree,Strongly Disagree,Neutral,3,Agree,Strongly Agree,4,,,115,Regular,FALSE,,3.4,4.2,3,4,4,2,1,4,5,1,2,10,4,1,3,12,5,4,3,15,5,1,4,20,3,3,5,15,3,3,5,15,4,3,6,24,97,1,1
9/13/2025 7:56,Yes,Yes,Public Higher Education Institutions,Bachelor of Science in Food Technology,"STEM (e.g.): Engineering, Computer Science, Nursing, Biology",3,1.51-1.75,Sometimes,2,Sometimes,3,Occasionally,2,Occasionally,1,Never,2,Never,2,Occasionally,3,Occasionally,3,Neutral,Neutral,Neutral,Strongly Disagree,Neutral,Neutral,Neutral,Neutral,Disagree,Agree,3,Neutral,Neutral,2,,,52,Regular,FALSE,,3.4,3.4,3,2,3,2,1,3,3,3,2,6,2,2,3,6,2,1,3,6,1,2,4,4,1,2,5,5,2,3,5,10,2,3,6,12,97,0,2
9/13/2025 10:41,Yes,Yes,Public Higher Education Institutions,BSE Filipino,"Non-STEM (e.g.): Business Administration, Psychology, Communication, Education",4,1.51-1.75,Often,3,Occasionally,4,Sometimes,2,Sometimes,3,Occasionally,1,Often,4,Sometimes,1,Sometimes,2,Strongly Disagree,Disagree,Neutral,Strongly Agree,Disagree,Agree,Strongly Agree,Disagree,Strongly Agree,Strongly Disagree,4,Agree,Strongly Agree,4,,,87,Regular,FALSE,,1.8,2.6,4,4,4,3,1,4,2,4,2,4,3,2,3,9,3,3,3,9,2,1,4,8,4,4,5,20,3,1,5,15,3,2,6,18,97,0,0
9/13/2025 12:51,Yes,Yes,Public Higher Education Institutions,bachelor of science in food technology,"STEM (e.g.): Engineering, Computer Science, Nursing, Biology",3,1.51-1.75,Occasionally,3,Occasionally,4,Occasionally,4,Sometimes,2,Sometimes,4,Occasionally,3,Sometimes,4,Often,5,Neutral,Neutral,Disagree,Neutral,Disagree,Neutral,Neutral,Disagree,Disagree,Neutral,3,Neutral,Neutral,3,,,82,Regular,FALSE,,2.6,3,3,3,2,3,1,2,2,4,2,4,2,4,3,6,3,2,3,9,3,4,4,12,2,3,5,10,3,4,5,15,4,5,6,24,97,0,0
9/13/2025 15:38,Yes,Yes,Public Higher Education Institutions,BSFT,"STEM (e.g.): Engineering, Computer Science, Nursing, Biology",3,1.51-1.75,Often,3,Sometimes,3,Occasionally,3,Sometimes,3,Occasionally,3,Sometimes,3,Sometimes,3,Sometimes,3,Neutral,Agree,Neutral,Disagree,Agree,Strongly Agree,Agree,Neutral,Disagree,Neutral,4,Neutral,Strongly Agree,4,,,81,Regular,FALSE,,3.6,3.8,4,4,4,3,1,4,3,3,2,6,2,3,3,6,3,3,3,9,2,3,4,8,3,3,5,15,3,3,5,15,3,3,6,18,97,0,2
9/13/2025 17:53,Yes,Yes,Public Higher Education Institutions,Bachelor of Applied Science in Laboratory Technology ,"STEM (e.g.): Engineering, Computer Science, Nursing, Biology",3,1.76-2.00,Sometimes,3,Sometimes,3,Occasionally,3,Sometimes,3,Sometimes,3,Sometimes,3,Sometimes,3,Sometimes,3,Neutral,Neutral,Strongly Agree,Agree,Agree,Strongly Agree,Strongly Agree,Strongly Agree,Neutral,Neutral,3,Neutral,Neutral,3,,,84,Regular,FALSE,,3.4,4.2,3,3,3,3,1,3,3,3,2,6,2,3,3,6,3,3,3,9,3,3,4,12,3,3,5,15,3,3,5,15,3,3,6,18,97,0,2
9/13/2025 17:55,Yes,Yes,Public Higher Education Institutions,BS Food Technology ,"STEM (e.g.): Engineering, Computer Science, Nursing, Biology",3,1.76-2.00,Occasionally,1,Sometimes,3,Sometimes,4,Sometimes,3,Occasionally,2,Occasionally,2,Occasionally,2,Sometimes,4,Neutral,Agree,Neutral,Neutral,Disagree,Neutral,Neutral,Neutral,Neutral,Disagree,4,Neutral,Neutral,4,,,72,Regular,FALSE,,3,2.8,4,4,2,1,1,2,3,3,2,6,3,4,3,9,3,3,3,9,2,2,4,8,2,2,5,10,2,2,5,10,3,4,6,18,97,0,0
9/13/2025 18:34,Yes,Yes,Public Higher Education Institutions,Bachelor of Science in Food Technology,"STEM (e.g.): Engineering, Computer Science, Nursing, Biology",3,1.51-1.75,Always,3,Never,1,Occasionally,1,Sometimes,4,Always,4,Occasionally,1,Always,5,Sometimes,3,Agree,Strongly Agree,Neutral,Agree,Neutral,Agree,Agree,Agree,Agree,Agree,3,Agree,Agree,2,,,95,Regular,FALSE,,3.4,3.6,3,2,5,3,1,5,1,1,2,2,2,1,3,6,3,4,3,9,5,4,4,20,2,1,5,10,5,5,5,25,3,3,6,18,97,0,2
9/13/2025 18:45,Yes,Yes,Public Higher Education Institutions,BACHELOR OF SCIENCE IN FOOD TECHNOLOGY ,"Non-STEM (e.g.): Business Administration, Psychology, Communication, Education",3,2.01-2.50,Often,3,Often,3,Often,3,Sometimes,2,Sometimes,2,Sometimes,2,Often,4,Often,4,Neutral,Neutral,Neutral,Neutral,Neutral,Neutral,Neutral,Neutral,Neutral,Neutral,3,Neutral,Neutral,3,,,104,Regular,FALSE,,3,3,3,3,4,3,1,4,4,3,2,8,4,3,3,12,3,2,3,9,3,2,4,12,3,2,5,15,4,4,5,20,4,4,6,24,97,1,2
9/13/2025 18:47,Yes,Yes,Public Higher Education Institutions,BS FOOD TECHNOLOGY,"STEM (e.g.): Engineering, Computer Science, Nursing, Biology",3,1.76-2.00,Sometimes,2,Sometimes,3,Sometimes,3,Often,2,Sometimes,3,Sometimes,3,Occasionally,3,Occasionally,3,Neutral,Disagree,Disagree,Neutral,Neutral,Neutral,Neutral,Neutral,Agree,Neutral,3,Neutral,Neutral,3,,,79,Regular,FALSE,,2.6,2.8,3,3,3,2,1,3,3,3,2,6,3,3,3,9,4,2,3,12,3,3,4,12,3,3,5,15,2,3,5,10,2,3,6,12,97,0,0
9/13/2025 19:16,Yes,Yes,Public Higher Education Institutions,Bachelor of Science in Food Technology,"STEM (e.g.): Engineering, Computer Science, Nursing, Biology",3,1.51-1.75,Often,3,Often,4,Sometimes,5,Sometimes,3,Often,4,Often,5,Sometimes,4,Often,4,Agree,Neutral,Strongly Agree,Neutral,Disagree,Strongly Agree,Strongly Agree,Strongly Agree,Strongly Disagree,Agree,5,Agree,Agree,5,,,105,Regular,FALSE,,3.4,4.8,5,5,4,3,1,4,4,4,2,8,3,5,3,9,3,3,3,9,4,4,4,16,4,5,5,20,3,4,5,15,4,4,6,24,97,1,1
9/13/2025 21:54,Yes,Yes,Public Higher Education Institutions,Bachelor of Science in Food Technology ,"STEM (e.g.): Engineering, Computer Science, Nursing, Biology",3,1.51-1.75,Sometimes,3,Often,4,Sometimes,3,Often,4,Often,4,Often,5,Often,4,Often,5,Agree,Neutral,Agree,Neutral,Neutral,Strongly Agree,Strongly Agree,Strongly Agree,Neutral,Disagree,4,Agree,Strongly Agree,4,,,112,Regular,FALSE,,3.4,4,4,4,3,3,1,3,4,4,2,8,3,3,3,9,4,4,3,12,4,4,4,16,4,5,5,20,4,4,5,20,4,5,6,24,97,1,1
9/14/2025 9:57,Yes,Yes,Public Higher Education Institutions,Bachelor of applied science in laboratory technology ,"STEM (e.g.): Engineering, Computer Science, Nursing, Biology",3,2.51-3.00,Sometimes,3,Sometimes,3,Occasionally,3,Sometimes,2,Occasionally,3,Occasionally,2,Sometimes,3,Sometimes,4,Disagree,Neutral,Disagree,Agree,Neutral,Disagree,Disagree,Neutral,Agree,Neutral,3,Disagree,Neutral,3,,,75,Regular,FALSE,,2.4,2.4,3,3,3,3,1,3,3,3,2,6,2,3,3,6,3,2,3,9,2,3,4,8,2,2,5,10,3,3,5,15,3,4,6,18,97,0,0
9/14/2025 11:58,Yes,Yes,Public Higher Education Institutions,BAS-LT,"STEM (e.g.): Engineering, Computer Science, Nursing, Biology",3,2.51-3.00,Occasionally,1,Occasionally,1,Sometimes,2,Sometimes,2,Occasionally,3,Sometimes,2,Often,3,Often,3,Strongly Disagree,Agree,Neutral,Agree,Disagree,Neutral,Agree,Agree,Disagree,Strongly Disagree,3,Agree,Disagree,2,,,91,Regular,FALSE,,2.4,3.2,3,2,2,1,1,2,2,1,2,4,3,2,3,9,3,2,3,9,2,3,4,8,3,2,5,15,4,3,5,20,4,3,6,24,97,0,0
9/14/2025 14:41,Yes,Yes,Public Higher Education Institutions,BAS Laboratory Technology ,"STEM (e.g.): Engineering, Computer Science, Nursing, Biology",3,1.76-2.00,Often,3,Sometimes,3,Always,4,Sometimes,3,Always,5,Always,3,Always,3,Often,4,Agree,Strongly Agree,Strongly Agree,Neutral,Strongly Agree,Agree,Agree,Strongly Agree,Disagree,Agree,4,Agree,Strongly Agree,3,,,128,Regular,FALSE,,4.4,4.2,4,3,4,3,1,4,3,3,2,6,5,4,3,15,3,3,3,9,5,5,4,20,5,3,5,25,5,3,5,25,4,4,6,24,97,1,1
9/14/2025 20:24,Yes,Yes,Public Higher Education Institutions,Bachelor of Science in Food Technology ,"STEM (e.g.): Engineering, Computer Science, Nursing, Biology",3,1.51-1.75,Often,3,Often,2,Sometimes,3,Occasionally,2,Often,3,Occasionally,3,Always,4,Often,4,Agree,Agree,Agree,Disagree,Strongly Disagree,Agree,Agree,Agree,Disagree,Strongly Agree,4,Agree,Agree,4,,,102,Regular,FALSE,,3.4,4.2,4,4,4,3,1,4,4,2,2,8,3,3,3,9,2,2,3,6,4,3,4,16,2,3,5,10,5,4,5,25,4,4,6,24,97,1,1
9/15/2025 10:20,Yes,Yes,Public Higher Education Institutions,BSFT,"Non-STEM (e.g.): Business Administration, Psychology, Communication, Education",3,1.51-1.75,Sometimes,2,Sometimes,3,Sometimes,3,Sometimes,3,Sometimes,3,Sometimes,3,Occasionally,4,Often,4,Neutral,Neutral,Disagree,Disagree,Neutral,Neutral,Neutral,Neutral,Disagree,Agree,3,Agree,Agree,3,,,88,Regular,FALSE,,3,3.4,3,3,3,2,1,3,3,3,2,6,3,3,3,9,3,3,3,9,3,3,4,12,3,3,5,15,2,4,5,10,4,4,6,24,97,0,2
9/15/2025 22:19,Yes,Yes,Public Higher Education Institutions,BAS-LT,"STEM (e.g.): Engineering, Computer Science, Nursing, Biology",3,2.01-2.50,Never,2,Sometimes,3,Often,2,Never,1,Sometimes,2,Often,1,Occasionally,4,Often,4,Neutral,Strongly Disagree,Disagree,Neutral,Strongly Agree,Agree,Strongly Disagree,Strongly Disagree,Agree,Disagree,4,Disagree,Agree,2,,,88,Strategic,FALSE,,2.8,2,4,2,1,2,1,1,3,3,2,6,4,2,3,12,1,1,3,3,3,2,4,12,4,1,5,20,2,4,5,10,4,4,6,24,97,0,0
9/16/2025 19:38,Yes,Yes,Public Higher Education Institutions,BS Entrepreneurship ,"Non-STEM (e.g.): Business Administration, Psychology, Communication, Education",2,1.26-1.50,Sometimes,3,Occasionally,3,Occasionally,2,Occasionally,3,Occasionally,3,Sometimes,3,Occasionally,2,Occasionally,3,Neutral,Agree,Agree,Neutral,Disagree,Agree,Agree,Agree,Neutral,Agree,4,Agree,Agree,4,,,64,Regular,FALSE,,3.2,3.8,4,4,3,3,1,3,2,3,2,4,2,2,3,6,2,3,3,6,2,3,4,8,3,3,5,15,2,2,5,10,2,3,6,12,97,0,2
9/16/2025 20:01,Yes,Yes,Private Higher Education Institutions,BSTM,"STEM (e.g.): Engineering, Computer Science, Nursing, Biology",5+,1.51-1.75,Sometimes,2,Sometimes,2,Sometimes,2,Occasionally,1,Sometimes,1,Sometimes,1,Sometimes,1,Sometimes,2,Agree,Strongly Agree,Agree,Neutral,Neutral,Strongly Agree,Strongly Agree,Agree,Disagree,Agree,4,Neutral,Agree,4,,,84,Regular,FALSE,,3.8,4.4,4,4,3,2,1,3,3,2,2,6,3,2,3,9,2,1,3,6,3,1,4,12,3,1,5,15,3,1,5,15,3,2,6,18,97,0,1
9/16/2025 21:29,Yes,Yes,Public Higher Education Institutions,Architecture,"STEM (e.g.): Engineering, Computer Science, Nursing, Biology",4,2.01-2.50,Often,3,Sometimes,5,Never,3,Never,3,Often,4,Sometimes,3,Sometimes,3,Occasionally,3,Neutral,Agree,Neutral,Disagree,Strongly Disagree,Strongly Agree,Strongly Agree,Neutral,Neutral,Neutral,3,Neutral,Agree,4,,,74,Regular,FALSE,,3,3.8,3,4,4,3,1,4,3,5,2,6,1,3,3,3,1,3,3,3,4,4,4,16,3,3,5,15,3,3,5,15,2,3,6,12,97,0,2
9/17/2025 16:18,Yes,Yes,Public Higher Education Institutions,Bachelor of Science in Electrical Engineering,"STEM (e.g.): Engineering, Computer Science, Nursing, Biology",1,1.51-1.75,Always,2,Always,3,Sometimes,1,Never,1,Always,2,Always,4,Occasionally,4,Sometimes,4,Agree,Strongly Agree,Agree,Strongly Agree,Strongly Agree,Strongly Agree,Strongly Agree,Strongly Agree,Neutral,Strongly Agree,4,Agree,Strongly Agree,5,,,100,Strategic,FALSE,,3.8,4.6,4,5,5,2,1,5,5,3,2,10,3,1,3,9,1,1,3,3,5,2,4,20,5,4,5,25,2,4,5,10,3,4,6,18,97,1,1
9/17/2025 16:20,Yes,Yes,Public Higher Education Institutions,Bachelor of Science in Civil Engineering,"STEM (e.g.): Engineering, Computer Science, Nursing, Biology",1,1.00-1.25,Occasionally,1,Sometimes,2,Never,1,Sometimes,3,Never,2,Never,1,Occasionally,2,Occasionally,2,Neutral,Disagree,Neutral,Agree,Disagree,Neutral,Agree,Agree,Agree,Disagree,2,Agree,Neutral,1,,,51,Regular,FALSE,,2.4,3,2,1,2,1,1,2,3,2,2,6,1,1,3,3,3,3,3,9,1,2,4,4,1,1,5,5,2,2,5,10,2,2,6,12,97,0,0
9/17/2025 16:20,Yes,Yes,Public Higher Education Institutions,Bachelor of Science in Civil Engineering,"STEM (e.g.): Engineering, Computer Science, Nursing, Biology",1,1.26-1.50,Never,2,Occasionally,2,Sometimes,2,Never,3,Never,2,Never,1,Sometimes,3,Sometimes,2,Disagree,Strongly Disagree,Strongly Disagree,Neutral,Strongly Disagree,Disagree,Disagree,Agree,Agree,Neutral,2,Disagree,Disagree,1,,,59,Regular,FALSE,,1.6,2.6,2,1,1,2,1,1,2,2,2,4,3,2,3,9,1,3,3,3,1,2,4,4,1,1,5,5,3,3,5,15,3,2,6,18,97,0,0
9/17/2025 16:20,Yes,Yes,Public Higher Education Institutions,Bachelor of Science in Environmental Science ,"STEM (e.g.): Engineering, Computer Science, Nursing, Biology",4,2.01-2.50,Occasionally,1,Occasionally,1,Occasionally,2,Sometimes,2,Sometimes,2,Occasionally,2,Sometimes,3,Sometimes,3,Neutral,Agree,Neutral,Agree,Agree,Neutral,Agree,Agree,Neutral,Neutral,3,Neutral,Neutral,2,,,76,Regular,FALSE,,3.2,3.4,3,2,2,1,1,2,2,1,2,4,2,2,3,6,3,2,3,9,3,2,4,12,2,2,5,10,3,3,5,15,3,3,6,18,97,0,2
9/17/2025 16:20,Yes,Yes,Public Higher Education Institutions,Bachelor of Applied Science in Laboratory Technology,"STEM (e.g.): Engineering, Computer Science, Nursing, Biology",5+,1.00-1.25,Sometimes,4,Occasionally,2,Never,2,Never,3,Occasionally,3,Occasionally,2,Sometimes,3,Sometimes,3,Strongly Disagree,Agree,Disagree,Agree,Neutral,Disagree,Disagree,Neutral,Neutral,Disagree,2,Neutral,Neutral,2,,,64,Regular,FALSE,,2.4,2.4,2,2,3,4,1,3,2,2,2,4,1,2,3,3,1,3,3,3,2,3,4,8,2,2,5,10,3,3,5,15,3,3,6,18,97,0,0
9/17/2025 16:20,Yes,Yes,Public Higher Education Institutions,BSCE,"STEM (e.g.): Engineering, Computer Science, Nursing, Biology",1,1.00-1.25,Occasionally,3,Occasionally,1,Never,2,Occasionally,2,Occasionally,2,Occasionally,2,Occasionally,3,Occasionally,3,Agree,Neutral,Disagree,Neutral,Disagree,Agree,Neutral,Neutral,Neutral,Neutral,2,Disagree,Neutral,1,,,55,Regular,FALSE,,2.8,3.2,2,1,2,3,1,2,2,1,2,4,1,2,3,3,2,2,3,6,2,2,4,8,2,2,5,10,2,3,5,10,2,3,6,12,97,0,0
9/17/2025 16:21,Yes,Yes,Public Higher Education Institutions,Bachelor in Science in Environmental Science ,"STEM (e.g.): Engineering, Computer Science, Nursing, Biology",4,2.01-2.50,Always,3,Always,2,Often,4,Often,3,Always,4,Often,3,Always,4,Often,4,Agree,Neutral,Agree,Neutral,Disagree,Agree,Agree,Neutral,Neutral,Agree,4,Agree,Strongly Agree,5,,,128,Regular,FALSE,,3.2,3.6,4,5,5,3,1,5,5,2,2,10,4,4,3,12,4,3,3,12,5,4,4,20,4,3,5,20,5,4,5,25,4,4,6,24,97,1,1
9/17/2025 16:21,Yes,Yes,Public Higher Education Institutions,BSCE,"STEM (e.g.): Engineering, Computer Science, Nursing, Biology",1,1.26-1.50,Occasionally,3,Occasionally,3,Occasionally,3,Occasionally,3,Occasionally,3,Occasionally,3,Occasionally,3,Occasionally,3,Neutral,Neutral,Neutral,Neutral,Neutral,Agree,Agree,Neutral,Neutral,Neutral,3,Neutral,Neutral,3,,,58,Regular,FALSE,,3,3.4,3,3,2,3,1,2,2,3,2,4,2,3,3,6,2,3,3,6,2,3,4,8,2,3,5,10,2,3,5,10,2,3,6,12,97,0,2
9/17/2025 16:21,Yes,Yes,Public Higher Education Institutions,BSCE,"STEM (e.g.): Engineering, Computer Science, Nursing, Biology",1,1.51-1.75,Sometimes,3,Occasionally,3,Occasionally,3,Never,1,Sometimes,3,Sometimes,3,Often,4,Often,4,Neutral,Agree,Neutral,Agree,Disagree,Neutral,Agree,Neutral,Disagree,Neutral,3,Neutral,Neutral,2,,,87,Regular,FALSE,,2.8,3.4,3,2,3,3,1,3,2,3,2,4,2,3,3,6,1,1,3,3,3,3,4,12,3,3,5,15,4,4,5,20,4,4,6,24,97,0,2
9/17/2025 16:22,Yes,Yes,Public Higher Education Institutions,BAS-LT,"Non-STEM (e.g.): Business Administration, Psychology, Communication, Education",1,2.01-2.50,Sometimes,2,Sometimes,3,Often,3,Occasionally,3,Often,3,Occasionally,4,Often,4,Never,2,Agree,Agree,Agree,Strongly Agree,Agree,Neutral,Neutral,Agree,Neutral,Disagree,3,Disagree,Agree,4,,,79,Strategic,FALSE,,3.4,3,3,4,3,2,1,3,3,3,2,6,4,3,3,12,2,3,3,6,4,3,4,16,2,4,5,10,4,4,5,20,1,2,6,6,97,0,2
9/17/2025 16:22,Yes,Yes,Public Higher Education Institutions,BSCE,"STEM (e.g.): Engineering, Computer Science, Nursing, Biology",1,1.00-1.25,Always,5,Always,5,Always,5,Always,5,Always,5,Always,5,Always,5,Always,5,Strongly Agree,Strongly Agree,Strongly Agree,Strongly Agree,Strongly Agree,Strongly Agree,Strongly Agree,Strongly Agree,Strongly Disagree,Strongly Agree,5,Strongly Agree,Strongly Agree,5,,,145,Over-reliant,TRUE,solve_complex,4.2,5,5,5,5,5,1,5,5,5,2,10,5,5,3,15,5,5,3,15,5,5,4,20,5,5,5,25,5,5,5,25,5,5,6,30,97,1,1
9/17/2025 16:22,Yes,Yes,Public Higher Education Institutions,BSEE,"STEM (e.g.): Engineering, Computer Science, Nursing, Biology",1,1.00-1.25,Always,3,Always,3,Never,1,Never,2,Often,2,Sometimes,3,Always,3,Often,3,Neutral,Agree,Disagree,Neutral,Agree,Agree,Neutral,Neutral,Neutral,Agree,5,Neutral,Agree,3,,,101,Regular,FALSE,,3.2,3.4,5,3,5,3,1,5,5,3,2,10,1,1,3,3,1,2,3,3,4,2,4,16,3,3,5,15,5,3,5,25,4,3,6,24,97,1,2
9/17/2025 16:23,Yes,Yes,Public Higher Education Institutions,BSEE,"STEM (e.g.): Engineering, Computer Science, Nursing, Biology",1,1.26-1.50,Sometimes,3,Sometimes,3,Never,1,Never,3,Often,3,Never,3,Often,3,Often,3,Neutral,Neutral,Neutral,Neutral,Neutral,Agree,Neutral,Agree,Strongly Disagree,Agree,4,Neutral,Disagree,2,,,80,Regular,FALSE,,3,4,4,2,3,3,1,3,3,3,2,6,1,1,3,3,1,3,3,3,4,3,4,16,1,3,5,5,4,3,5,20,4,3,6,24,97,0,2
9/17/2025 16:23,Yes,Yes,Public Higher Education Institutions,Bachelor of Science in Electrical Engineering ,"STEM (e.g.): Engineering, Computer Science, Nursing, Biology",1,1.26-1.50,Often,4,Sometimes,3,Always,5,Occasionally,2,Always,3,Often,3,Sometimes,2,Never,4,Agree,Neutral,Neutral,Neutral,Agree,Agree,Neutral,Agree,Neutral,Agree,4,Neutral,Agree,4,,,92,Regular,FALSE,,3.4,3.6,4,4,4,4,1,4,3,3,2,6,5,5,3,15,2,2,3,6,5,3,4,20,4,3,5,20,3,2,5,15,1,4,6,6,97,0,2
9/17/2025 16:23,Yes,Yes,Public Higher Education Institutions,Bachelor of Science in Electrical Engineering,"STEM (e.g.): Engineering, Computer Science, Nursing, Biology",1,1.76-2.00,Often,3,Occasionally,4,Often,3,Occasionally,1,Often,3,Occasionally,2,Occasionally,2,Occasionally,2,Neutral,Neutral,Neutral,Neutral,Neutral,Neutral,Neutral,Agree,Disagree,Neutral,3,Neutral,Agree,4,,,74,Regular,FALSE,,3,3.4,3,4,4,3,1,4,2,4,2,4,4,3,3,12,2,1,3,6,4,3,4,16,2,2,5,10,2,2,5,10,2,2,6,12,97,0,2
9/17/2025 16:23,Yes,Yes,Public Higher Education Institutions,Bachelor of Science in Civil Engineering ,"STEM (e.g.): Engineering, Computer Science, Nursing, Biology",1,1.26-1.50,Often,2,Sometimes,3,Sometimes,3,Occasionally,3,Occasionally,2,Occasionally,3,Sometimes,3,Occasionally,3,Neutral,Neutral,Disagree,Neutral,Neutral,Neutral,Neutral,Neutral,Neutral,Neutral,3,Neutral,Neutral,3,,,70,Regular,FALSE,,2.8,3,3,3,4,2,1,4,3,3,2,6,3,3,3,9,2,3,3,6,2,2,4,8,2,3,5,10,3,3,5,15,2,3,6,12,97,0,0
9/17/2025 16:23,Yes,Yes,Public Higher Education Institutions,Bachelor of science in Civil Engineering,"STEM (e.g.): Engineering, Computer Science, Nursing, Biology",1,1.00-1.25,Sometimes,4,Often,3,Occasionally,2,Never,3,Occasionally,3,Often,4,Occasionally,2,Sometimes,4,Neutral,Strongly Agree,Neutral,Neutral,Disagree,Agree,Strongly Agree,Strongly Agree,Disagree,Neutral,4,Agree,Agree,4,,,76,Regular,FALSE,,3.2,4.2,4,4,3,4,1,3,4,3,2,8,2,2,3,6,1,3,3,3,2,3,4,8,4,4,5,20,2,2,5,10,3,4,6,18,97,0,2
9/17/2025 16:24,Yes,Yes,Public Higher Education Institutions,BS Electrical Engineering,"STEM (e.g.): Engineering, Computer Science, Nursing, Biology",1,1.00-1.25,Sometimes,3,Sometimes,3,Sometimes,3,Occasionally,2,Often,3,Occasionally,1,Often,4,Occasionally,3,Agree,Neutral,Neutral,Neutral,Disagree,Agree,Agree,Neutral,Disagree,Neutral,4,Agree,Agree,2,,,82,Regular,FALSE,,3,3.6,4,2,3,3,1,3,3,3,2,6,3,3,3,9,2,2,3,6,4,3,4,16,2,1,5,10,4,4,5,20,2,3,6,12,97,0,2
9/17/2025 16:25,Yes,Yes,Public Higher Education Institutions,BS-Environmental Science,"STEM (e.g.): Engineering, Computer Science, Nursing, Biology",3,1.26-1.50,Never,2,Never,1,Never,1,Occasionally,3,Occasionally,4,Never,2,Occasionally,3,Never,3,Neutral,Neutral,Agree,Agree,Agree,Agree,Agree,Neutral,Disagree,Neutral,2,Disagree,Neutral,2,,,41,Regular,FALSE,,3.2,3.6,2,2,1,2,1,1,1,1,2,2,1,1,3,3,2,3,3,6,2,4,4,8,1,2,5,5,2,3,5,10,1,3,6,6,97,0,2
9/17/2025 16:25,Yes,Yes,Public Higher Education Institutions,Bachelor of Science in Civil Engineering,"STEM (e.g.): Engineering, Computer Science, Nursing, Biology",1,1.76-2.00,Sometimes,3,Occasionally,2,Occasionally,3,Sometimes,3,Occasionally,2,Sometimes,2,Often,4,Often,4,Disagree,Agree,Neutral,Neutral,Agree,Agree,Agree,Neutral,Disagree,Agree,3,Neutral,Agree,3,,,89,Regular,FALSE,,3.2,3.8,3,3,3,3,1,3,2,2,2,4,2,3,3,6,3,3,3,9,2,2,4,8,3,2,5,15,4,4,5,20,4,4,6,24,97,0,2
9/17/2025 16:25,Yes,Yes,Public Higher Education Institutions,BSCE,"STEM (e.g.): Engineering, Computer Science, Nursing, Biology",1,1.00-1.25,Sometimes,2,Occasionally,2,Occasionally,2,Occasionally,2,Sometimes,2,Occasionally,2,Occasionally,1,Never,1,Neutral,Neutral,Neutral,Neutral,Neutral,Agree,Agree,Agree,Disagree,Neutral,3,Neutral,Neutral,3,,,57,Regular,FALSE,,3,3.8,3,3,3,2,1,3,2,2,2,4,2,2,3,6,2,2,3,6,3,2,4,12,2,2,5,10,2,1,5,10,1,1,6,6,97,0,2
9/17/2025 16:25,Yes,Yes,Public Higher Education Institutions,Bachelor of Science in Electrical Engineering,"STEM (e.g.): Engineering, Computer Science, Nursing, Biology",1,1.26-1.50,Sometimes,3,Sometimes,2,Sometimes,1,Often,2,Sometimes,2,Occasionally,1,Often,3,Occasionally,3,Neutral,Strongly Agree,Disagree,Strongly Disagree,Neutral,Agree,Agree,Neutral,Disagree,Disagree,3,Agree,Disagree,3,,,84,Regular,FALSE,,3.6,3.4,3,3,3,3,1,3,3,2,2,6,3,1,3,9,4,2,3,12,3,2,4,12,2,1,5,10,4,3,5,20,2,3,6,12,97,0,2
9/17/2025 16:25,Yes,Yes,Public Higher Education Institutions,Civil Engineering,"STEM (e.g.): Engineering, Computer Science, Nursing, Biology",1,1.00-1.25,Sometimes,2,Sometimes,3,Sometimes,3,Occasionally,3,Sometimes,2,Often,2,Sometimes,3,Often,2,Neutral,Agree,Neutral,Neutral,Agree,Neutral,Neutral,Agree,Neutral,Neutral,2,Neutral,Neutral,3,,,95,Regular,FALSE,,3.4,3.2,2,3,3,2,1,3,3,3,2,6,3,3,3,9,2,3,3,6,3,2,4,12,4,2,5,20,3,3,5,15,4,2,6,24,97,0,2
9/17/2025 16:26,Yes,Yes,Public Higher Education Institutions,BSEE ,"STEM (e.g.): Engineering, Computer Science, Nursing, Biology",1,1.26-1.50,Often,1,Occasionally,3,Occasionally,1,Never,1,Occasionally,3,Occasionally,4,Often,5,Sometimes,2,Disagree,Neutral,Neutral,Neutral,Disagree,Agree,Agree,Agree,Disagree,Agree,2,Neutral,Agree,5,,,73,Strategic,FALSE,,2.6,4,2,5,4,1,1,4,2,3,2,4,2,1,3,6,1,1,3,3,2,3,4,8,2,4,5,10,4,5,5,20,3,2,6,18,97,0,2
9/17/2025 16:26,Yes,Yes,Public Higher Education Institutions,Bachelor of science in electrical engineering ,"STEM (e.g.): Engineering, Computer Science, Nursing, Biology",1,2.01-2.50,Never,2,Occasionally,2,Sometimes,4,Occasionally,3,Never,1,Sometimes,3,Sometimes,4,Occasionally,4,Strongly Disagree,Agree,Disagree,Neutral,Neutral,Neutral,Neutral,Neutral,Neutral,Disagree,3,Disagree,Disagree,3,,,66,Regular,FALSE,,2.6,2.8,3,3,1,2,1,1,2,2,2,4,3,4,3,9,2,3,3,6,1,1,4,4,3,3,5,15,3,4,5,15,2,4,6,12,97,0,0
9/17/2025 16:26,Yes,Yes,Public Higher Education Institutions,Electrical Engineering,"STEM (e.g.): Engineering, Computer Science, Nursing, Biology",5+,1.26-1.50,Sometimes,3,Sometimes,3,Always,5,Always,5,Often,1,Often,1,Often,1,Sometimes,2,Neutral,Disagree,Disagree,Disagree,Neutral,Agree,Neutral,Disagree,Neutral,Agree,2,Neutral,Agree,3,,,113,Regular,FALSE,,2.8,3.2,2,3,3,3,1,3,3,3,2,6,5,5,3,15,5,5,3,15,4,1,4,16,4,1,5,20,4,1,5,20,3,2,6,18,97,1,2
9/17/2025 16:26,Yes,Yes,Public Higher Education Institutions,BSEE,"STEM (e.g.): Engineering, Computer Science, Nursing, Biology",1,1.00-1.25,Occasionally,2,Never,1,Never,1,Never,1,Occasionally,2,Never,1,Occasionally,2,Sometimes,3,Neutral,Disagree,Disagree,Agree,Disagree,Neutral,Disagree,Neutral,Neutral,Neutral,2,Neutral,Neutral,1,,,51,Regular,FALSE,,2.2,2.8,2,1,2,2,1,2,1,1,2,2,1,1,3,3,1,1,3,3,2,2,4,8,1,1,5,5,2,2,5,10,3,3,6,18,97,0,0
9/17/2025 16:27,Yes,Yes,Public Higher Education Institutions,BSEE,"STEM (e.g.): Engineering, Computer Science, Nursing, Biology",1,1.51-1.75,Occasionally,2,Occasionally,2,Occasionally,2,Occasionally,2,Occasionally,2,Occasionally,2,Occasionally,2,Occasionally,2,Neutral,Neutral,Neutral,Neutral,Neutral,Neutral,Neutral,Neutral,Neutral,Neutral,3,Neutral,Neutral,3,,,58,Regular,FALSE,,3,3,3,3,2,2,1,2,2,2,2,4,2,2,3,6,2,2,3,6,2,2,4,8,2,2,5,10,2,2,5,10,2,2,6,12,97,0,0
9/17/2025 16:27,Yes,Yes,Public Higher Education Institutions,Bachelor of Applied Science in Laboratory Technology ,"STEM (e.g.): Engineering, Computer Science, Nursing, Biology",1,1.51-1.75,Occasionally,2,Occasionally,2,Occasionally,1,Occasionally,2,Never,3,Never,2,Never,3,Occasionally,1,Agree,Strongly Agree,Neutral,Disagree,Strongly Agree,Agree,Agree,Neutral,Neutral,Neutral,3,Neutral,Disagree,3,,,44,Regular,FALSE,,4.2,3.4,3,3,2,2,1,2,2,2,2,4,2,1,3,6,2,2,3,6,1,3,4,4,1,2,5,5,1,3,5,5,2,1,6,12,97,0,2
9/17/2025 16:27,Yes,Yes,Public Higher Education Institutions,BSCE ,"STEM (e.g.): Engineering, Computer Science, Nursing, Biology",1,1.26-1.50,Often,3,Sometimes,2,Sometimes,3,Sometimes,3,Sometimes,3,Sometimes,3,Often,3,Sometimes,3,Strongly Agree,Neutral,Neutral,Strongly Disagree,Agree,Strongly Agree,Agree,Agree,Disagree,Agree,3,Agree,Strongly Agree,4,,,93,Regular,FALSE,,4,4.2,3,4,4,3,1,4,3,2,2,6,3,3,3,9,3,3,3,9,3,3,4,12,3,3,5,15,4,3,5,20,3,3,6,18,97,0,1
9/17/2025 16:27,Yes,Yes,Public Higher Education Institutions,Bachelor of Science in Electrical Engineering (BSEE) ,"STEM (e.g.): Engineering, Computer Science, Nursing, Biology",1,1.26-1.50,Often,3,Sometimes,2,Sometimes,3,Occasionally,2,Sometimes,2,Occasionally,2,Often,3,Occasionally,3,Neutral,Neutral,Neutral,Neutral,Neutral,Agree,Agree,Agree,Neutral,Agree,3,Neutral,Agree,4,,,79,Regular,FALSE,,3,3.8,3,4,4,3,1,4,3,2,2,6,3,3,3,9,2,2,3,6,3,2,4,12,2,2,5,10,4,3,5,20,2,3,6,12,97,0,2
9/17/2025 16:27,Yes,Yes,Public Higher Education Institutions,BSCE,"STEM (e.g.): Engineering, Computer Science, Nursing, Biology",1,1.00-1.25,Occasionally,2,Never,1,Never,2,Never,2,Occasionally,2,Never,2,Occasionally,2,Occasionally,2,Neutral,Neutral,Disagree,Agree,Neutral,Neutral,Neutral,Neutral,Neutral,Neutral,3,Neutral,Neutral,3,,,45,Regular,FALSE,,2.6,3,3,3,2,2,1,2,1,1,2,2,1,2,3,3,1,2,3,3,2,2,4,8,1,2,5,5,2,2,5,10,2,2,6,12,97,0,0
9/17/2025 16:30,Yes,Yes,Public Higher Education Institutions,BS Civil Engineering,"STEM (e.g.): Engineering, Computer Science, Nursing, Biology",1,1.26-1.50,Occasionally,2,Sometimes,3,Sometimes,3,Occasionally,2,Sometimes,3,Sometimes,3,Often,3,Occasionally,2,Neutral,Agree,Agree,Neutral,Disagree,Agree,Agree,Agree,Disagree,Agree,4,Neutral,Agree,2,,,82,Regular,FALSE,,3.2,4,4,2,2,2,1,2,3,3,2,6,3,3,3,9,2,2,3,6,3,3,4,12,3,3,5,15,4,3,5,20,2,2,6,12,97,0,2
9/17/2025 16:32,Yes,Yes,Public Higher Education Institutions,BSEE,"STEM (e.g.): Engineering, Computer Science, Nursing, Biology",5+,1.00-1.25,Often,3,Sometimes,3,Occasionally,3,Never,1,Never,1,Never,1,Often,3,Occasionally,2,Neutral,Neutral,Agree,Neutral,Agree,Agree,Agree,Agree,Disagree,Neutral,3,Neutral,Neutral,3,,,60,Regular,FALSE,,3.4,3.8,3,3,4,3,1,4,3,3,2,6,2,3,3,6,1,1,3,3,1,1,4,4,1,1,5,5,4,3,5,20,2,2,6,12,97,0,2
9/17/2025 16:35,Yes,Yes,Public Higher Education Institutions,BSEE,"STEM (e.g.): Engineering, Computer Science, Nursing, Biology",1,1.00-1.25,Often,2,Always,2,Always,3,Always,1,Often,4,Sometimes,4,Always,2,Occasionally,2,Agree,Neutral,Agree,Strongly Agree,Agree,Agree,Strongly Agree,Strongly Agree,Strongly Disagree,Strongly Agree,4,Agree,Strongly Agree,3,,,112,Regular,FALSE,,3.2,4.8,4,3,4,2,1,4,5,2,2,10,5,3,3,15,5,1,3,15,4,4,4,16,3,4,5,15,5,2,5,25,2,2,6,12,97,1,1
9/17/2025 16:35,Yes,Yes,Public Higher Education Institutions,BSEE,"STEM (e.g.): Engineering, Computer Science, Nursing, Biology",4,2.51-3.00,Occasionally,4,Sometimes,3,Occasionally,4,Occasionally,4,Often,4,Occasionally,2,Often,4,Sometimes,3,Disagree,Agree,Neutral,Neutral,Disagree,Neutral,Neutral,Neutral,Neutral,Disagree,4,Neutral,Agree,3,,,84,Regular,FALSE,,2.8,2.8,4,3,2,4,1,2,3,3,2,6,2,4,3,6,2,4,3,6,4,4,4,16,2,2,5,10,4,4,5,20,3,3,6,18,97,0,0
9/17/2025 16:37,Yes,Yes,Public Higher Education Institutions,BSCE,"STEM (e.g.): Engineering, Computer Science, Nursing, Biology",1,1.26-1.50,Occasionally,2,Sometimes,3,Sometimes,4,Never,1,Never,1,Sometimes,2,Sometimes,3,Often,5,Disagree,Neutral,Agree,Strongly Agree,Neutral,Disagree,Strongly Disagree,Neutral,Agree,Strongly Disagree,2,Disagree,Neutral,2,,,78,Regular,FALSE,,2.6,1.8,2,2,2,2,1,2,3,3,2,6,3,4,3,9,1,1,3,3,1,1,4,4,3,2,5,15,3,3,5,15,4,5,6,24,97,0,0
9/17/2025 16:37,Yes,Yes,Public Higher Education Institutions,BSCE,"STEM (e.g.): Engineering, Computer Science, Nursing, Biology",1,1.00-1.25,Occasionally,2,Occasionally,2,Occasionally,2,Occasionally,3,Sometimes,1,Never,1,Often,4,Sometimes,4,Agree,Agree,Neutral,Disagree,Agree,Agree,Strongly Agree,Strongly Agree,Disagree,Neutral,3,Neutral,Agree,3,,,73,Regular,FALSE,,3.8,4.2,3,3,2,2,1,2,2,2,2,4,2,2,3,6,2,3,3,6,3,1,4,12,1,1,5,5,4,4,5,20,3,4,6,18,97,0,2
9/17/2025 16:38,Yes,Yes,Public Higher Education Institutions,BSEE,"STEM (e.g.): Engineering, Computer Science, Nursing, Biology",1,1.51-1.75,Sometimes,3,Sometimes,2,Sometimes,2,Occasionally,2,Occasionally,2,Occasionally,3,Occasionally,3,Sometimes,3,Agree,Agree,Neutral,Neutral,Neutral,Agree,Agree,Agree,Neutral,Agree,3,Agree,Agree,2,,,70,Regular,FALSE,,3.4,3.8,3,2,3,3,1,3,3,2,2,6,3,2,3,9,2,2,3,6,2,2,4,8,2,3,5,10,2,3,5,10,3,3,6,18,97,0,2
9/17/2025 16:40,Yes,Yes,Public Higher Education Institutions,BSEE (Electrical Engineering),"STEM (e.g.): Engineering, Computer Science, Nursing, Biology",1,1.00-1.25,Sometimes,2,Occasionally,1,Occasionally,2,Never,1,Never,1,Occasionally,2,Occasionally,3,Never,1,Neutral,Agree,Agree,Neutral,Neutral,Agree,Agree,Neutral,Disagree,Neutral,2,Neutral,Agree,2,,,46,Regular,FALSE,,3.4,3.6,2,2,3,2,1,3,2,1,2,4,2,2,3,6,1,1,3,3,1,1,4,4,2,2,5,10,2,3,5,10,1,1,6,6,97,0,2
9/17/2025 16:46,Yes,Yes,Public Higher Education Institutions,Bachelor of Science in Electrical Engineering ,"STEM (e.g.): Engineering, Computer Science, Nursing, Biology",1,1.51-1.75,Sometimes,3,Often,2,Occasionally,3,Occasionally,2,Often,3,Often,4,Often,3,Sometimes,3,Agree,Agree,Neutral,Neutral,Neutral,Agree,Agree,Agree,Disagree,Neutral,4,Neutral,Agree,3,,,97,Regular,FALSE,,3.4,3.8,4,3,3,3,1,3,4,2,2,8,2,3,3,6,2,2,3,6,4,3,4,16,4,4,5,20,4,3,5,20,3,3,6,18,97,1,2
9/17/2025 16:48,Yes,Yes,Public Higher Education Institutions,Bachelor of Science in Civil Engineering,"STEM (e.g.): Engineering, Computer Science, Nursing, Biology",1,1.26-1.50,Sometimes,1,Often,2,Often,3,Never,3,Always,4,Never,2,Often,2,Always,4,Agree,Strongly Agree,Neutral,Agree,Strongly Agree,Agree,Strongly Agree,Agree,Neutral,Agree,4,Agree,Agree,3,,,101,Regular,FALSE,,3.8,4,4,3,3,1,1,3,4,2,2,8,4,3,3,12,1,3,3,3,5,4,4,20,1,2,5,5,4,2,5,20,5,4,6,30,97,1,1
9/17/2025 16:50,Yes,Yes,Public Higher Education Institutions,Bachelor of Applied Science in Laboratory Technology,"STEM (e.g.): Engineering, Computer Science, Nursing, Biology",4,1.51-1.75,Occasionally,2,Occasionally,2,Occasionally,2,Occasionally,2,Often,2,Occasionally,2,Often,2,Often,2,Neutral,Neutral,Neutral,Neutral,Neutral,Neutral,Neutral,Neutral,Disagree,Agree,3,Agree,Neutral,3,,,88,Regular,FALSE,,3,3.4,3,3,2,2,1,2,2,2,2,4,2,2,3,6,2,2,3,6,4,2,4,16,2,2,5,10,4,2,5,20,4,2,6,24,97,0,2
9/17/2025 16:51,Yes,Yes,Public Higher Education Institutions,Civil Engineering,"STEM (e.g.): Engineering, Computer Science, Nursing, Biology",1,1.00-1.25,Sometimes,2,Sometimes,2,Sometimes,2,Sometimes,2,Sometimes,2,Sometimes,2,Occasionally,2,Sometimes,3,Disagree,Neutral,Strongly Disagree,Neutral,Neutral,Disagree,Disagree,Disagree,Neutral,Disagree,2,Neutral,Neutral,2,,,82,Regular,FALSE,,2.4,2.2,2,2,3,2,1,3,3,2,2,6,3,2,3,9,3,2,3,9,3,2,4,12,3,2,5,15,2,2,5,10,3,3,6,18,97,0,0
9/17/2025 16:55,Yes,Yes,Public Higher Education Institutions,BSCE,"STEM (e.g.): Engineering, Computer Science, Nursing, Biology",1,1.00-1.25,Often,3,Sometimes,3,Often,4,Occasionally,3,Often,4,Often,4,Sometimes,3,Often,3,Agree,Agree,Neutral,Disagree,Agree,Agree,Agree,Agree,Disagree,Agree,4,Agree,Agree,4,,,103,Regular,FALSE,,3.8,4,4,4,4,3,1,4,3,3,2,6,4,4,3,12,2,3,3,6,4,4,4,16,4,4,5,20,3,3,5,15,4,3,6,24,97,1,1
9/17/2025 16:59,Yes,Yes,Public Higher Education Institutions,BS ELECTRICAL ENGINEERING,"STEM (e.g.): Engineering, Computer Science, Nursing, Biology",1,1.00-1.25,Often,3,Sometimes,3,Sometimes,3,Sometimes,3,Sometimes,3,Sometimes,3,Sometimes,3,Sometimes,3,Neutral,Neutral,Neutral,Neutral,Neutral,Neutral,Neutral,Agree,Neutral,Neutral,3,Neutral,Neutral,3,,,88,Regular,FALSE,,3,3.2,3,3,4,3,1,4,3,3,2,6,3,3,3,9,3,3,3,9,3,3,4,12,3,3,5,15,3,3,5,15,3,3,6,18,97,0,2
9/17/2025 16:59,Yes,Yes,Public Higher Education Institutions,BACHELOR OF SCIENCE IN MECHANICAL ENGINEERING ,"STEM (e.g.): Engineering, Computer Science, Nursing, Biology",1,1.76-2.00,Occasionally,2,Often,1,Occasionally,4,Often,3,Often,3,Occasionally,5,Always,3,Often,3,Neutral,Disagree,Agree,Neutral,Disagree,Strongly Agree,Disagree,Agree,Disagree,Neutral,4,Neutral,Agree,5,,,103,Strategic,FALSE,,2.8,3.6,4,5,2,2,1,2,4,1,2,8,2,4,3,6,4,3,3,12,4,3,4,16,2,5,5,10,5,3,5,25,4,3,6,24,97,1,2
9/17/2025 17:02,Yes,Yes,Public Higher Education Institutions,Bachelor of Applied Science in Laboratory Technology,"STEM (e.g.): Engineering, Computer Science, Nursing, Biology",2,1.76-2.00,Occasionally,2,Often,4,Often,3,Sometimes,3,Sometimes,3,Sometimes,3,Sometimes,3,Sometimes,3,Neutral,Strongly Agree,Strongly Agree,Neutral,Neutral,Neutral,Neutral,Strongly Disagree,Strongly Disagree,Strongly Agree,3,Neutral,Neutral,3,,,91,Regular,FALSE,,3.8,3.4,3,3,2,2,1,2,4,4,2,8,4,3,3,12,3,3,3,9,3,3,4,12,3,3,5,15,3,3,5,15,3,3,6,18,97,0,2
9/17/2025 17:04,Yes,Yes,Public Higher Education Institutions,Bachelor of science in electrical engineering ,"STEM (e.g.): Engineering, Computer Science, Nursing, Biology",1,1.26-1.50,Often,1,Occasionally,2,Never,2,Sometimes,3,Often,2,Occasionally,2,Often,2,Often,2,Agree,Agree,Agree,Strongly Disagree,Neutral,Agree,Agree,Neutral,Disagree,Agree,3,Neutral,Strongly Agree,4,,,90,Regular,FALSE,,4,3.8,3,4,4,1,1,4,2,2,2,4,1,2,3,3,3,3,3,9,4,2,4,16,2,2,5,10,4,2,5,20,4,2,6,24,97,0,1
9/17/2025 17:05,Yes,Yes,Public Higher Education Institutions,BSEE,"STEM (e.g.): Engineering, Computer Science, Nursing, Biology",5+,2.51-3.00,Occasionally,1,Never,2,Never,1,Occasionally,2,Never,1,Occasionally,2,Sometimes,3,Sometimes,3,Neutral,Neutral,Disagree,Neutral,Neutral,Agree,Strongly Agree,Agree,Disagree,Agree,3,Neutral,Agree,1,,,60,Regular,FALSE,,2.8,4.2,3,1,2,1,1,2,1,2,2,2,1,1,3,3,2,2,3,6,1,1,4,4,2,2,5,10,3,3,5,15,3,3,6,18,97,0,2
9/17/2025 17:08,Yes,Yes,Public Higher Education Institutions,BAS LT,"STEM (e.g.): Engineering, Computer Science, Nursing, Biology",1,1.00-1.25,Occasionally,3,Occasionally,2,Never,2,Never,3,Sometimes,3,Occasionally,2,Occasionally,3,Occasionally,2,Strongly Disagree,Neutral,Disagree,Neutral,Neutral,Neutral,Neutral,Neutral,Neutral,Neutral,2,Neutral,Neutral,1,,,56,Regular,FALSE,,2.4,3,2,1,2,3,1,2,2,2,2,4,1,2,3,3,1,3,3,3,3,3,4,12,2,2,5,10,2,3,5,10,2,2,6,12,97,0,0
9/17/2025 17:08,Yes,Yes,Public Higher Education Institutions,BACHELOR OF SCIENCE IN ELECTRICAL ENGINEERING,"STEM (e.g.): Engineering, Computer Science, Nursing, Biology",1,1.26-1.50,Often,2,Sometimes,3,Sometimes,2,Often,3,Occasionally,2,Sometimes,2,Sometimes,4,Occasionally,3,Neutral,Agree,Agree,Neutral,Strongly Agree,Agree,Agree,Agree,Disagree,Neutral,3,Agree,Agree,3,,,81,Regular,FALSE,,3.8,3.8,3,3,4,2,1,4,3,3,2,6,3,2,3,9,4,3,3,12,2,2,4,8,3,2,5,15,3,4,5,15,2,3,6,12,97,0,2
9/17/2025 17:12,Yes,Yes,Public Higher Education Institutions,BAS-LT,"STEM (e.g.): Engineering, Computer Science, Nursing, Biology",1,1.26-1.50,Occasionally,3,Occasionally,4,Never,2,Never,1,Never,1,Never,1,Never,1,Never,2,Agree,Strongly Agree,Disagree,Disagree,Disagree,Strongly Disagree,Neutral,Neutral,Neutral,Neutral,2,Neutral,Neutral,2,,,32,Regular,FALSE,,3.4,2.6,2,2,2,3,1,2,2,4,2,4,1,2,3,3,1,1,3,3,1,1,4,4,1,1,5,5,1,1,5,5,1,2,6,6,97,0,0
9/17/2025 17:24,Yes,Yes,Public Higher Education Institutions,Bachelor of Science in Electrical Engineering,"STEM (e.g.): Engineering, Computer Science, Nursing, Biology",1,1.76-2.00,Occasionally,2,Occasionally,2,Never,2,Never,1,Never,1,Never,1,Often,3,Occasionally,3,Neutral,Neutral,Agree,Neutral,Neutral,Agree,Agree,Agree,Disagree,Neutral,3,Neutral,Agree,2,,,53,Regular,FALSE,,3.2,3.8,3,2,2,2,1,2,2,2,2,4,1,2,3,3,1,1,3,3,1,1,4,4,1,1,5,5,4,3,5,20,2,3,6,12,97,0,2
9/17/2025 17:25,Yes,Yes,Public Higher Education Institutions,BACHELOR OF SCIENCE IN MECHANICAL ENGINEERING,"STEM (e.g.): Engineering, Computer Science, Nursing, Biology",1,1.00-1.25,Sometimes,2,Sometimes,4,Often,3,Never,4,Often,4,Sometimes,3,Always,5,Often,5,Strongly Disagree,Strongly Disagree,Neutral,Agree,Agree,Neutral,Disagree,Strongly Agree,Strongly Disagree,Strongly Disagree,3,Disagree,Neutral,4,,,104,Regular,FALSE,,2.2,3.2,3,4,3,2,1,3,3,4,2,6,4,3,3,12,1,4,3,3,4,4,4,16,3,3,5,15,5,5,5,25,4,5,6,24,97,1,0
9/17/2025 17:31,Yes,Yes,Public Higher Education Institutions,BSEE,"STEM (e.g.): Engineering, Computer Science, Nursing, Biology",1,1.51-1.75,Occasionally,2,Occasionally,1,Sometimes,2,Occasionally,2,Sometimes,1,Never,1,Often,3,Occasionally,2,Agree,Agree,Neutral,Disagree,Agree,Agree,Neutral,Agree,Strongly Disagree,Agree,2,Disagree,Neutral,1,,,70,Regular,FALSE,,3.8,4,2,1,2,2,1,2,2,1,2,4,3,2,3,9,2,2,3,6,3,1,4,12,1,1,5,5,4,3,5,20,2,2,6,12,97,0,2
9/17/2025 17:33,Yes,Yes,Public Higher Education Institutions,BSME,"STEM (e.g.): Engineering, Computer Science, Nursing, Biology",1,1.51-1.75,Sometimes,1,Sometimes,3,Never,1,Never,1,Never,1,Never,1,Always,5,Sometimes,3,Neutral,Strongly Agree,Neutral,Neutral,Strongly Agree,Agree,Agree,Agree,Strongly Disagree,Strongly Agree,3,Strongly Agree,Strongly Agree,4,,,67,Regular,FALSE,,3.8,4.4,3,4,3,1,1,3,3,3,2,6,1,1,3,3,1,1,3,3,1,1,4,4,1,1,5,5,5,5,5,25,3,3,6,18,97,0,2
9/17/2025 17:34,Yes,Yes,Public Higher Education Institutions,BET-MET-DMT,"Non-STEM (e.g.): Business Administration, Psychology, Communication, Education",1,1.26-1.50,Sometimes,3,Occasionally,3,Occasionally,2,Occasionally,2,Sometimes,4,Occasionally,2,Often,4,Sometimes,4,Neutral,Neutral,Agree,Agree,Agree,Agree,Agree,Agree,Neutral,Agree,3,Neutral,Agree,2,,,79,Regular,FALSE,,3.2,3.8,3,2,3,3,1,3,2,3,2,4,2,2,3,6,2,2,3,6,3,4,4,12,2,2,5,10,4,4,5,20,3,4,6,18,97,0,2
9/17/2025 17:36,Yes,Yes,Public Higher Education Institutions,BETDMT,"STEM (e.g.): Engineering, Computer Science, Nursing, Biology",1,1.51-1.75,Sometimes,3,Sometimes,3,Sometimes,2,Sometimes,2,Often,2,Sometimes,2,Sometimes,3,Sometimes,4,Neutral,Disagree,Disagree,Neutral,Neutral,Neutral,Neutral,Neutral,Neutral,Neutral,3,Neutral,Neutral,3,,,91,Regular,FALSE,,2.6,3,3,3,3,3,1,3,3,3,2,6,3,2,3,9,3,2,3,9,4,2,4,16,3,2,5,15,3,3,5,15,3,4,6,18,97,0,0
9/17/2025 17:36,Yes,Yes,Public Higher Education Institutions,BETDMT ,"Non-STEM (e.g.): Business Administration, Psychology, Communication, Education",1,2.01-2.50,Sometimes,4,Sometimes,4,Sometimes,4,Sometimes,4,Sometimes,4,Sometimes,4,Sometimes,4,Sometimes,4,Disagree,Disagree,Disagree,Disagree,Disagree,Disagree,Disagree,Disagree,Disagree,Disagree,1,Disagree,Disagree,1,,,87,Regular,FALSE,,2.4,2.4,1,1,3,4,1,3,3,4,2,6,3,4,3,9,3,4,3,9,3,4,4,12,3,4,5,15,3,4,5,15,3,4,6,18,97,0,0
9/17/2025 17:37,Yes,Yes,Public Higher Education Institutions,BET-MET-DMT-1A-M,"Non-STEM (e.g.): Business Administration, Psychology, Communication, Education",1,2.01-2.50,Sometimes,4,Sometimes,4,Sometimes,4,Sometimes,4,Sometimes,4,Sometimes,4,Sometimes,4,Sometimes,4,Disagree,Disagree,Disagree,Disagree,Disagree,Disagree,Disagree,Disagree,Disagree,Disagree,1,Disagree,Disagree,1,,,87,Regular,FALSE,,2.4,2.4,1,1,3,4,1,3,3,4,2,6,3,4,3,9,3,4,3,9,3,4,4,12,3,4,5,15,3,4,5,15,3,4,6,18,97,0,0
9/17/2025 17:37,Yes,Yes,Public Higher Education Institutions,BSME,"STEM (e.g.): Engineering, Computer Science, Nursing, Biology",1,1.76-2.00,Sometimes,2,Sometimes,2,Often,3,Often,3,Often,3,Occasionally,1,Always,5,Always,5,Agree,Strongly Agree,Disagree,Agree,Agree,Strongly Agree,Strongly Agree,Strongly Agree,Strongly Disagree,Strongly Agree,4,Agree,Strongly Agree,3,,,114,Over-reliant,TRUE,solve_complex,3.4,5,4,3,3,2,1,3,3,2,2,6,4,3,3,12,4,3,3,12,4,3,4,16,2,1,5,10,5,5,5,25,5,5,6,30,97,1,1
9/17/2025 17:37,Yes,Yes,Public Higher Education Institutions,Bachelor of Engineering Technology Major in Mechanical Engineering Technology with option in Dies and Moulds Technology ,"STEM (e.g.): Engineering, Computer Science, Nursing, Biology",1,1.26-1.50,Sometimes,2,Sometimes,3,Sometimes,3,Sometimes,4,Sometimes,3,Sometimes,3,Sometimes,3,Sometimes,3,Disagree,Neutral,Neutral,Neutral,Neutral,Neutral,Agree,Neutral,Disagree,Agree,3,Neutral,Agree,3,,,87,Regular,FALSE,,2.8,3.6,3,3,3,2,1,3,3,3,2,6,3,3,3,9,3,4,3,9,3,3,4,12,3,3,5,15,3,3,5,15,3,3,6,18,97,0,2
9/17/2025 17:38,Yes,Yes,Public Higher Education Institutions,BSME,"STEM (e.g.): Engineering, Computer Science, Nursing, Biology",1,1.76-2.00,Sometimes,3,Often,2,Often,3,Occasionally,4,Often,2,Often,3,Often,3,Sometimes,4,Agree,Agree,Agree,Neutral,Strongly Agree,Agree,Strongly Agree,Agree,Disagree,Strongly Agree,3,Neutral,Strongly Agree,4,,,103,Regular,FALSE,,4,4.4,3,4,3,3,1,3,4,2,2,8,4,3,3,12,2,4,3,6,4,2,4,16,4,3,5,20,4,3,5,20,3,4,6,18,97,1,1
9/17/2025 17:39,Yes,Yes,Public Higher Education Institutions,Bachelor of Engineering Technology Major in Dies and Moulds Technology ,"Non-STEM (e.g.): Business Administration, Psychology, Communication, Education",1,1.76-2.00,Often,2,Sometimes,3,Sometimes,3,Often,3,Often,3,Sometimes,4,Sometimes,4,Sometimes,3,Agree,Agree,Agree,Disagree,Neutral,Agree,Agree,Agree,Neutral,Neutral,4,Disagree,Agree,4,,,95,Regular,FALSE,,3.8,3.6,4,4,4,2,1,4,3,3,2,6,3,3,3,9,4,3,3,12,4,3,4,16,3,4,5,15,3,4,5,15,3,3,6,18,97,0,1
9/17/2025 17:46,Yes,Yes,Public Higher Education Institutions,BS Civil Engineering ,"STEM (e.g.): Engineering, Computer Science, Nursing, Biology",1,1.26-1.50,Sometimes,3,Occasionally,3,Occasionally,3,Never,2,Occasionally,3,Never,2,Often,3,Occasionally,3,Neutral,Agree,Disagree,Neutral,Agree,Neutral,Neutral,Neutral,Agree,Disagree,3,Disagree,Neutral,1,,,61,Regular,FALSE,,3.2,2.6,3,1,3,3,1,3,2,3,2,4,2,3,3,6,1,2,3,3,2,3,4,8,1,2,5,5,4,3,5,20,2,3,6,12,97,0,0
9/17/2025 17:47,Yes,Yes,Public Higher Education Institutions,BS Electrical Engineering,"STEM (e.g.): Engineering, Computer Science, Nursing, Biology",1,1.00-1.25,Sometimes,2,Occasionally,2,Occasionally,3,Never,3,Occasionally,3,Never,3,Sometimes,3,Sometimes,3,Agree,Neutral,Disagree,Agree,Neutral,Neutral,Neutral,Disagree,Neutral,Neutral,3,Strongly Disagree,Neutral,2,,,62,Regular,FALSE,,2.8,2.8,3,2,3,2,1,3,2,2,2,4,2,3,3,6,1,3,3,3,2,3,4,8,1,3,5,5,3,3,5,15,3,3,6,18,97,0,0
9/17/2025 17:48,Yes,Yes,Public Higher Education Institutions,BSME,"STEM (e.g.): Engineering, Computer Science, Nursing, Biology",1,1.51-1.75,Occasionally,1,Never,1,Always,1,Often,2,Sometimes,2,Occasionally,3,Always,2,Always,4,Neutral,Neutral,Disagree,Agree,Neutral,Agree,Strongly Agree,Agree,Disagree,Neutral,3,Agree,Strongly Agree,5,,,108,Regular,FALSE,,2.6,4,3,5,2,1,1,2,1,1,2,2,5,1,3,15,4,2,3,12,3,2,4,12,2,3,5,10,5,2,5,25,5,4,6,30,97,1,2
9/17/2025 17:49,Yes,Yes,Public Higher Education Institutions,betmet-dmt,"STEM (e.g.): Engineering, Computer Science, Nursing, Biology",1,1.51-1.75,Sometimes,3,Often,2,Sometimes,3,Occasionally,1,Often,5,Sometimes,4,Never,5,Occasionally,3,Disagree,Neutral,Neutral,Disagree,Neutral,Neutral,Agree,Agree,Agree,Neutral,3,Disagree,Disagree,2,,,74,Strategic,FALSE,,3,3.2,3,2,3,3,1,3,4,2,2,8,3,3,3,9,2,1,3,6,4,5,4,16,3,4,5,15,1,5,5,5,2,3,6,12,97,0,0
9/17/2025 17:51,Yes,Yes,Public Higher Education Institutions,Bachelor of Science in Civil Engineering ,"STEM (e.g.): Engineering, Computer Science, Nursing, Biology",1,1.00-1.25,Occasionally,2,Occasionally,2,Sometimes,3,Sometimes,3,Occasionally,3,Occasionally,2,Occasionally,3,Occasionally,3,Disagree,Neutral,Strongly Disagree,Strongly Agree,Neutral,Strongly Disagree,Neutral,Neutral,Disagree,Neutral,2,Disagree,Neutral,1,,,64,Regular,FALSE,,2,2.8,2,1,2,2,1,2,2,2,2,4,3,3,3,9,3,3,3,9,2,3,4,8,2,2,5,10,2,3,5,10,2,3,6,12,97,0,0
9/17/2025 17:52,Yes,Yes,Public Higher Education Institutions,BET-MET-DMT-1A-M ,"Non-STEM (e.g.): Business Administration, Psychology, Communication, Education",1,2.01-2.50,Sometimes,4,Sometimes,4,Sometimes,4,Sometimes,4,Sometimes,4,Sometimes,4,Sometimes,4,Sometimes,4,Disagree,Disagree,Disagree,Disagree,Disagree,Disagree,Disagree,Disagree,Disagree,Disagree,1,Disagree,Disagree,1,,,87,Regular,FALSE,,2.4,2.4,1,1,3,4,1,3,3,4,2,6,3,4,3,9,3,4,3,9,3,4,4,12,3,4,5,15,3,4,5,15,3,4,6,18,97,0,0
9/17/2025 17:53,Yes,Yes,Public Higher Education Institutions,BET-DMT,"STEM (e.g.): Engineering, Computer Science, Nursing, Biology",1,1.76-2.00,Sometimes,3,Often,3,Sometimes,4,Occasionally,4,Always,2,Occasionally,2,Often,3,Occasionally,2,Neutral,Disagree,Neutral,Disagree,Neutral,Agree,Agree,Agree,Strongly Agree,Strongly Disagree,3,Neutral,Neutral,3,,,88,Regular,FALSE,,3,2.8,3,3,3,3,1,3,4,3,2,8,3,4,3,9,2,4,3,6,5,2,4,20,2,2,5,10,4,3,5,20,2,2,6,12,97,0,0
9/17/2025 17:53,Yes,Yes,Public Higher Education Institutions,Bachelor of Science in Civil Engineering ,"STEM (e.g.): Engineering, Computer Science, Nursing, Biology",1,1.26-1.50,Sometimes,2,Often,2,Often,2,Occasionally,3,Sometimes,3,Occasionally,3,Sometimes,2,Sometimes,3,Neutral,Agree,Neutral,Neutral,Agree,Agree,Agree,Neutral,Disagree,Agree,4,Neutral,Agree,3,,,84,Regular,FALSE,,3.4,3.8,4,3,3,2,1,3,4,2,2,8,4,2,3,12,2,3,3,6,3,3,4,12,2,3,5,10,3,2,5,15,3,3,6,18,97,0,2
9/17/2025 17:55,Yes,Yes,Public Higher Education Institutions,BSEE,"STEM (e.g.): Engineering, Computer Science, Nursing, Biology",1,1.51-1.75,Sometimes,3,Occasionally,3,Occasionally,4,Sometimes,3,Never,3,Occasionally,3,Often,4,Sometimes,3,Disagree,Neutral,Disagree,Agree,Disagree,Neutral,Neutral,Disagree,Neutral,Disagree,3,Neutral,Neutral,2,,,74,Regular,FALSE,,2.2,2.6,3,2,3,3,1,3,2,3,2,4,2,4,3,6,3,3,3,9,1,3,4,4,2,3,5,10,4,4,5,20,3,3,6,18,97,0,0
9/17/2025 17:55,Yes,Yes,Public Higher Education Institutions,Mechanical Engineering option in dies and moulds ,"STEM (e.g.): Engineering, Computer Science, Nursing, Biology",1,1.26-1.50,Sometimes,3,Occasionally,2,Sometimes,3,Occasionally,2,Occasionally,2,Never,1,Sometimes,2,Occasionally,2,Neutral,Agree,Disagree,Disagree,Neutral,Neutral,Neutral,Neutral,Neutral,Neutral,3,Neutral,Neutral,3,,,62,Regular,FALSE,,3.2,3,3,3,3,3,1,3,2,2,2,4,3,3,3,9,2,2,3,6,2,2,4,8,1,1,5,5,3,2,5,15,2,2,6,12,97,0,0
9/17/2025 17:56,Yes,Yes,Public Higher Education Institutions,BETMET-DMT,"Non-STEM (e.g.): Business Administration, Psychology, Communication, Education",1,1.26-1.50,Always,2,Sometimes,3,Sometimes,2,Always,1,Always,1,Sometimes,2,Often,3,Sometimes,2,Agree,Agree,Agree,Agree,Agree,Agree,Agree,Agree,Neutral,Neutral,4,Neutral,Agree,3,,,108,Regular,FALSE,,3.6,3.6,4,3,5,2,1,5,3,3,2,6,3,2,3,9,5,1,3,15,5,1,4,20,3,2,5,15,4,3,5,20,3,2,6,18,97,1,1
9/17/2025 17:57,Yes,Yes,Public Higher Education Institutions,Bachelor of Science in Civil Engineering,"STEM (e.g.): Engineering, Computer Science, Nursing, Biology",1,1.00-1.25,Sometimes,3,Sometimes,3,Sometimes,3,Sometimes,3,Sometimes,3,Sometimes,3,Occasionally,4,Sometimes,3,Neutral,Neutral,Neutral,Neutral,Neutral,Agree,Agree,Agree,Disagree,Agree,3,Neutral,Agree,3,,,82,Regular,FALSE,,3,4,3,3,3,3,1,3,3,3,2,6,3,3,3,9,3,3,3,9,3,3,4,12,3,3,5,15,2,4,5,10,3,3,6,18,97,0,2
9/17/2025 17:58,Yes,Yes,Private Higher Education Institutions,DMT,"Non-STEM (e.g.): Business Administration, Psychology, Communication, Education",1,1.76-2.00,Sometimes,3,Sometimes,3,Often,2,Occasionally,4,Occasionally,3,Sometimes,4,Occasionally,4,Occasionally,3,Agree,Agree,Neutral,Neutral,Neutral,Agree,Agree,Agree,Agree,Neutral,3,Neutral,Disagree,3,,,72,Strategic,FALSE,,3.4,3.4,3,3,3,3,1,3,3,3,2,6,4,2,3,12,2,4,3,6,2,3,4,8,3,4,5,15,2,4,5,10,2,3,6,12,97,0,2
9/17/2025 17:58,Yes,Yes,Public Higher Education Institutions,BSME-1C,"STEM (e.g.): Engineering, Computer Science, Nursing, Biology",1,2.51-3.00,Often,2,Sometimes,2,Occasionally,4,Often,4,Sometimes,3,Always,4,Always,5,Always,5,Agree,Neutral,Strongly Agree,Neutral,Neutral,Strongly Agree,Strongly Agree,Strongly Agree,Strongly Disagree,Strongly Disagree,4,Agree,Agree,5,,,120,Over-reliant,TRUE,solve_complex,3.6,4.2,4,5,4,2,1,4,3,2,2,6,2,4,3,6,4,4,3,12,3,3,4,12,5,4,5,25,5,5,5,25,5,5,6,30,97,1,1
9/17/2025 17:59,Yes,Yes,Public Higher Education Institutions,Bachelor in science in electrical engineering,"STEM (e.g.): Engineering, Computer Science, Nursing, Biology",1,1.76-2.00,Often,3,Sometimes,3,Occasionally,2,Occasionally,2,Occasionally,2,Never,1,Sometimes,1,Always,4,Neutral,Disagree,Agree,Disagree,Strongly Disagree,Agree,Agree,Agree,Disagree,Neutral,4,Agree,Agree,2,,,80,Regular,FALSE,,2.8,3.8,4,2,4,3,1,4,3,3,2,6,2,2,3,6,2,2,3,6,2,2,4,8,1,1,5,5,3,1,5,15,5,4,6,30,97,0,2
9/17/2025 18:02,Yes,Yes,Public Higher Education Institutions,BETMET-DMT,"STEM (e.g.): Engineering, Computer Science, Nursing, Biology",5+,2.51-3.00,Always,4,Always,3,Always,3,Sometimes,1,Often,3,Often,3,Always,2,Sometimes,3,Agree,Agree,Agree,Neutral,Neutral,Agree,Agree,Agree,Neutral,Neutral,5,Agree,Agree,4,,,118,Regular,FALSE,,3.6,3.6,5,4,5,4,1,5,5,3,2,10,5,3,3,15,3,1,3,9,4,3,4,16,4,3,5,20,5,2,5,25,3,3,6,18,97,1,1
9/17/2025 18:05,Yes,Yes,Public Higher Education Institutions,BSCE,"STEM (e.g.): Engineering, Computer Science, Nursing, Biology",1,1.26-1.50,Sometimes,3,Sometimes,3,Occasionally,3,Occasionally,3,Occasionally,2,Occasionally,2,Occasionally,2,Occasionally,2,Neutral,Neutral,Neutral,Neutral,Neutral,Disagree,Neutral,Neutral,Strongly Disagree,Neutral,2,Neutral,Neutral,3,,,61,Regular,FALSE,,3,3.2,2,3,3,3,1,3,3,3,2,6,2,3,3,6,2,3,3,6,2,2,4,8,2,2,5,10,2,2,5,10,2,2,6,12,97,0,0
9/17/2025 18:09,Yes,Yes,Public Higher Education Institutions,BET-DMT,"Non-STEM (e.g.): Business Administration, Psychology, Communication, Education",5+,1.51-1.75,Often,4,Sometimes,3,Occasionally,3,Occasionally,3,Occasionally,4,Occasionally,3,Sometimes,3,Sometimes,4,Neutral,Agree,Strongly Agree,Neutral,Neutral,Agree,Neutral,Agree,Disagree,Neutral,4,Neutral,Agree,4,,,73,Regular,FALSE,,3.6,3.6,4,4,4,4,1,4,3,3,2,6,2,3,3,6,2,3,3,6,2,4,4,8,2,3,5,10,3,3,5,15,3,4,6,18,97,0,2
9/17/2025 18:17,Yes,Yes,Public Higher Education Institutions,DMT,"STEM (e.g.): Engineering, Computer Science, Nursing, Biology",1,3.01-5.00,Sometimes,3,Sometimes,3,Occasionally,3,Occasionally,3,Occasionally,2,Occasionally,3,Occasionally,2,Occasionally,2,Agree,Agree,Neutral,Neutral,Neutral,Neutral,Neutral,Neutral,Neutral,Neutral,2,Neutral,Neutral,1,,,61,Regular,FALSE,,3.4,3,2,1,3,3,1,3,3,3,2,6,2,3,3,6,2,3,3,6,2,2,4,8,2,3,5,10,2,2,5,10,2,2,6,12,97,0,2
9/17/2025 19:37,Yes,Yes,Public Higher Education Institutions,BET DMT,"STEM (e.g.): Engineering, Computer Science, Nursing, Biology",1,2.01-2.50,Always,3,Sometimes,2,Sometimes,2,Always,4,Always,1,Sometimes,2,Always,1,Sometimes,3,Agree,Disagree,Disagree,Agree,Neutral,Neutral,Neutral,Strongly Agree,Strongly Disagree,Neutral,4,Neutral,Strongly Agree,3,,,113,Regular,FALSE,,2.6,3.8,4,3,5,3,1,5,3,2,2,6,3,2,3,9,5,4,3,15,5,1,4,20,3,2,5,15,5,1,5,25,3,3,6,18,97,1,2
9/17/2025 19:56,Yes,Yes,Public Higher Education Institutions,BET-DMT,"STEM (e.g.): Engineering, Computer Science, Nursing, Biology",1,1.51-1.75,Often,3,Often,3,Often,3,Always,4,Always,3,Sometimes,3,Always,3,Always,5,Strongly Agree,Strongly Agree,Agree,Disagree,Neutral,Strongly Agree,Strongly Agree,Agree,Disagree,Neutral,5,Agree,Strongly Agree,4,,,129,Over-reliant,TRUE,solve_complex,4.2,4.2,5,4,4,3,1,4,4,3,2,8,4,3,3,12,5,4,3,15,5,3,4,20,3,3,5,15,5,3,5,25,5,5,6,30,97,1,1
9/17/2025 19:59,Yes,Yes,Public Higher Education Institutions,BSEE,"STEM (e.g.): Engineering, Computer Science, Nursing, Biology",1,1.26-1.50,Often,1,Sometimes,3,Occasionally,2,Sometimes,4,Often,4,Occasionally,2,Often,5,Often,5,Neutral,Strongly Agree,Agree,Neutral,Strongly Agree,Neutral,Neutral,Neutral,Disagree,Agree,3,Neutral,Agree,2,,,95,Regular,FALSE,,4,3.4,3,2,4,1,1,4,3,3,2,6,2,2,3,6,3,4,3,9,4,4,4,16,2,2,5,10,4,5,5,20,4,5,6,24,97,0,1
9/17/2025 20:05,Yes,Yes,Public Higher Education Institutions,BAS-LT,"STEM (e.g.): Engineering, Computer Science, Nursing, Biology",5+,1.00-1.25,Often,3,Sometimes,2,Never,1,Never,1,Never,1,Never,1,Sometimes,2,Sometimes,4,Disagree,Agree,Disagree,Agree,Agree,Neutral,Neutral,Agree,Agree,Strongly Disagree,3,Strongly Disagree,Neutral,3,,,58,Regular,FALSE,,2.8,2.6,3,3,4,3,1,4,3,2,2,6,1,1,3,3,1,1,3,3,1,1,4,4,1,1,5,5,3,2,5,15,3,4,6,18,97,0,0
9/17/2025 21:13,Yes,Yes,Public Higher Education Institutions,BSME,"STEM (e.g.): Engineering, Computer Science, Nursing, Biology",1,1.00-1.25,Sometimes,2,Often,4,Sometimes,2,Occasionally,1,Occasionally,1,Occasionally,2,Often,4,Often,5,Strongly Disagree,Strongly Disagree,Disagree,Strongly Agree,Strongly Disagree,Agree,Agree,Strongly Agree,Agree,Neutral,4,Strongly Disagree,Agree,2,,,88,Regular,FALSE,,1.2,3.6,4,2,3,2,1,3,4,4,2,8,3,2,3,9,2,1,3,6,2,1,4,8,2,2,5,10,4,4,5,20,4,5,6,24,97,0,0
9/17/2025 21:39,Yes,Yes,Public Higher Education Institutions,Bachelor of Science in Civil Engineering (BSCE),"STEM (e.g.): Engineering, Computer Science, Nursing, Biology",1,1.26-1.50,Sometimes,2,Sometimes,2,Often,3,Occasionally,1,Often,2,Occasionally,2,Often,3,Often,4,Agree,Strongly Agree,Neutral,Disagree,Agree,Agree,Agree,Agree,Strongly Disagree,Strongly Agree,4,Agree,Strongly Agree,4,,,97,Regular,FALSE,,4,4.4,4,4,3,2,1,3,3,2,2,6,4,3,3,12,2,1,3,6,4,2,4,16,2,2,5,10,4,3,5,20,4,4,6,24,97,1,1
9/17/2025 22:10,Yes,Yes,Public Higher Education Institutions,Accountancy,"Non-STEM (e.g.): Business Administration, Psychology, Communication, Education",4,1.51-1.75,Always,2,Always,2,Always,3,Always,3,Always,3,Always,3,Always,3,Sometimes,3,Agree,Strongly Agree,Strongly Agree,Strongly Agree,Neutral,Strongly Agree,Strongly Agree,Strongly Agree,Disagree,Strongly Agree,5,Strongly Agree,Strongly Agree,5,,,133,Regular,FALSE,,3.6,4.8,5,5,5,2,1,5,5,2,2,10,5,3,3,15,5,3,3,15,5,3,4,20,5,3,5,25,5,3,5,25,3,3,6,18,97,1,1
9/17/2025 22:19,Yes,Yes,Public Higher Education Institutions,BSME,"STEM (e.g.): Engineering, Computer Science, Nursing, Biology",1,2.01-2.50,Sometimes,3,Occasionally,3,Never,2,Often,4,Sometimes,3,Occasionally,2,Sometimes,3,Often,4,Neutral,Agree,Neutral,Agree,Agree,Agree,Neutral,Agree,Disagree,Neutral,3,Neutral,Agree,3,,,83,Regular,FALSE,,3.2,3.6,3,3,3,3,1,3,2,3,2,4,1,2,3,3,4,4,3,12,3,3,4,12,2,2,5,10,3,3,5,15,4,4,6,24,97,0,2
9/17/2025 22:35,Yes,Yes,Public Higher Education Institutions,BSME,"STEM (e.g.): Engineering, Computer Science, Nursing, Biology",1,1.76-2.00,Sometimes,2,Occasionally,2,Sometimes,2,Often,3,Occasionally,2,Sometimes,2,Sometimes,2,Sometimes,2,Neutral,Agree,Neutral,Neutral,Disagree,Agree,Agree,Neutral,Neutral,Neutral,3,Neutral,Agree,3,,,84,Regular,FALSE,,3,3.4,3,3,3,2,1,3,2,2,2,4,3,2,3,9,4,3,3,12,2,2,4,8,3,2,5,15,3,2,5,15,3,2,6,18,97,0,2
9/17/2025 23:18,Yes,Yes,Public Higher Education Institutions,Bsit,"STEM (e.g.): Engineering, Computer Science, Nursing, Biology",2,1.00-1.25,Sometimes,1,Sometimes,1,Sometimes,1,Sometimes,1,Sometimes,1,Sometimes,1,Sometimes,1,Sometimes,1,Neutral,Neutral,Neutral,Neutral,Neutral,Neutral,Neutral,Neutral,Neutral,Neutral,3,Neutral,Neutral,3,,,87,Regular,FALSE,,3,3,3,3,3,1,1,3,3,1,2,6,3,1,3,9,3,1,3,9,3,1,4,12,3,1,5,15,3,1,5,15,3,1,6,18,97,0,0
9/17/2025 23:19,Yes,No,,,,,,,,,,,,,,,,,,,,,,,,,,,,,,,,,,,,,.,0,Regular,FALSE,,,,,,,,1,,,,2,,,,3,,,,3,,,,4,,,,5,,,,5,,,,6,,97,0,
9/17/2025 23:19,Yes,Yes,Public Higher Education Institutions,Bachelor of Science in Information Technology,"STEM (e.g.): Engineering, Computer Science, Nursing, Biology",2,1.76-2.00,Occasionally,2,Occasionally,2,Sometimes,2,Sometimes,2,Sometimes,2,Sometimes,3,Occasionally,4,Sometimes,3,Neutral,Neutral,Agree,Agree,Agree,Agree,Agree,Agree,Strongly Agree,Agree,3,Neutral,Agree,4,,,79,Regular,FALSE,,3.2,3.4,3,4,2,2,1,2,2,2,2,4,3,2,3,9,3,2,3,9,3,2,4,12,3,3,5,15,2,4,5,10,3,3,6,18,97,0,2
9/17/2025 23:20,Yes,Yes,Public Higher Education Institutions,BSIT-22,"Non-STEM (e.g.): Business Administration, Psychology, Communication, Education",1,2.51-3.00,Sometimes,1,Occasionally,1,Often,1,Occasionally,1,Often,2,Occasionally,3,Occasionally,1,Occasionally,2,Neutral,Strongly Agree,Disagree,Strongly Agree,Strongly Agree,Agree,Strongly Agree,Neutral,Neutral,Strongly Disagree,2,Disagree,Strongly Disagree,2,,,73,Regular,FALSE,,3.2,3.2,2,2,3,1,1,3,2,1,2,4,4,1,3,12,2,1,3,6,4,2,4,16,2,3,5,10,2,1,5,10,2,2,6,12,97,0,2
9/17/2025 23:21,Yes,Yes,Public Higher Education Institutions,BSIT,"STEM (e.g.): Engineering, Computer Science, Nursing, Biology",2,2.51-3.00,Sometimes,3,Sometimes,2,Never,1,Never,1,Never,1,Sometimes,3,Never,2,Sometimes,2,Disagree,Disagree,Disagree,Neutral,Strongly Agree,Disagree,Disagree,Disagree,Agree,Neutral,2,Disagree,Disagree,2,,,57,Regular,FALSE,,2.8,2.2,2,2,3,3,1,3,3,2,2,6,1,1,3,3,1,1,3,3,1,1,4,4,3,3,5,15,1,2,5,5,3,2,6,18,97,0,0
9/17/2025 23:21,Yes,Yes,Public Higher Education Institutions,Bachelor of Science in Information Technology ,"STEM (e.g.): Engineering, Computer Science, Nursing, Biology",2,1.76-2.00,Often,4,Often,4,Sometimes,3,Occasionally,2,Often,3,Sometimes,3,Always,3,Always,3,Neutral,Neutral,Neutral,Neutral,Neutral,Agree,Neutral,Agree,Neutral,Neutral,4,Neutral,Agree,3,,,113,Regular,FALSE,,3,3.4,4,3,4,4,1,4,4,4,2,8,3,3,3,9,2,2,3,6,4,3,4,16,3,3,5,15,5,3,5,25,5,3,6,30,97,1,2
9/17/2025 23:21,Yes,Yes,Public Higher Education Institutions,IT (Information Technology),"STEM (e.g.): Engineering, Computer Science, Nursing, Biology",2,2.51-3.00,Occasionally,2,Occasionally,3,Often,3,Often,3,Sometimes,3,Occasionally,2,Always,5,Often,4,Neutral,Agree,Neutral,Neutral,Neutral,Agree,Agree,Neutral,Neutral,Neutral,3,Neutral,Agree,3,,,101,Regular,FALSE,,3.2,3.4,3,3,2,2,1,2,2,3,2,4,4,3,3,12,4,3,3,12,3,3,4,12,2,2,5,10,5,5,5,25,4,4,6,24,97,1,2
9/17/2025 23:22,Yes,Yes,Public Higher Education Institutions,BSIT,"Non-STEM (e.g.): Business Administration, Psychology, Communication, Education",2,2.01-2.50,Often,3,Often,3,Always,4,Sometimes,3,Sometimes,3,Sometimes,3,Sometimes,3,Occasionally,3,Neutral,Neutral,Neutral,Neutral,Neutral,Neutral,Agree,Agree,Neutral,Neutral,3,Neutral,Neutral,3,,,90,Regular,FALSE,,3,3.4,3,3,4,3,1,4,4,3,2,8,5,4,3,15,3,3,3,9,3,3,4,12,3,3,5,15,3,3,5,15,2,3,6,12,97,0,2
9/17/2025 23:22,Yes,Yes,Public Higher Education Institutions,BSIT,"STEM (e.g.): Engineering, Computer Science, Nursing, Biology",2,2.01-2.50,Sometimes,2,Sometimes,2,Occasionally,2,Occasionally,3,Often,3,Sometimes,3,Often,4,Often,4,Neutral,Neutral,Disagree,Agree,Neutral,Agree,Agree,Agree,Disagree,Agree,3,Agree,Neutral,4,,,96,Regular,FALSE,,2.6,4,3,4,3,2,1,3,3,2,2,6,2,2,3,6,2,3,3,6,4,3,4,16,3,3,5,15,4,4,5,20,4,4,6,24,97,0,2
9/17/2025 23:22,Yes,Yes,Public Higher Education Institutions,IT,"STEM (e.g.): Engineering, Computer Science, Nursing, Biology",2,2.01-2.50,Often,3,Often,2,Always,4,Sometimes,3,Often,2,Often,3,Always,4,Always,5,Agree,Agree,Neutral,Neutral,Neutral,Agree,Strongly Agree,Strongly Agree,Neutral,Disagree,4,Neutral,Agree,5,,,127,Over-reliant,TRUE,solve_complex,3.4,3.8,4,5,4,3,1,4,4,2,2,8,5,4,3,15,3,3,3,9,4,2,4,16,4,3,5,20,5,4,5,25,5,5,6,30,97,1,1
9/17/2025 23:22,Yes,Yes,Public Higher Education Institutions,CET,"STEM (e.g.): Engineering, Computer Science, Nursing, Biology",2,2.01-2.50,Sometimes,3,Never,3,Sometimes,3,Occasionally,3,Sometimes,4,Occasionally,3,Sometimes,3,Sometimes,3,Neutral,Neutral,Neutral,Neutral,Neutral,Agree,Neutral,Neutral,Neutral,Neutral,3,Neutral,Neutral,4,,,75,Regular,FALSE,,3,3.2,3,4,3,3,1,3,1,3,2,2,3,3,3,9,2,3,3,6,3,4,4,12,2,3,5,10,3,3,5,15,3,3,6,18,97,0,0
9/17/2025 23:22,Yes,Yes,Public Higher Education Institutions,Bachelor of Science in Technology Information,"Non-STEM (e.g.): Business Administration, Psychology, Communication, Education",2,1.26-1.50,Often,3,Sometimes,3,Often,5,Sometimes,5,Occasionally,3,Sometimes,3,Sometimes,3,Often,4,Neutral,Neutral,Neutral,Agree,Neutral,Neutral,Agree,Neutral,Neutral,Agree,3,Neutral,Agree,4,,,93,Regular,FALSE,,2.8,3.4,3,4,4,3,1,4,3,3,2,6,4,5,3,12,3,5,3,9,2,3,4,8,3,3,5,15,3,3,5,15,4,4,6,24,97,0,2
9/17/2025 23:22,Yes,Yes,Public Higher Education Institutions,BSIT ,"Non-STEM (e.g.): Business Administration, Psychology, Communication, Education",2,2.01-2.50,Sometimes,2,Sometimes,2,Often,1,Sometimes,1,Sometimes,1,Sometimes,1,Sometimes,1,Sometimes,1,Strongly Agree,Strongly Agree,Neutral,Neutral,Neutral,Neutral,Neutral,Strongly Agree,Neutral,Neutral,2,Neutral,Neutral,2,,,90,Regular,FALSE,,3.8,3.4,2,2,3,2,1,3,3,2,2,6,4,1,3,12,3,1,3,9,3,1,4,12,3,1,5,15,3,1,5,15,3,1,6,18,97,0,2
9/17/2025 23:22,Yes,Yes,Public Higher Education Institutions,BSIT,"STEM (e.g.): Engineering, Computer Science, Nursing, Biology",2,2.01-2.50,Sometimes,3,Occasionally,3,Often,2,Never,2,Sometimes,3,Often,3,Sometimes,2,Occasionally,2,Neutral,Agree,Agree,Agree,Neutral,Neutral,Agree,Neutral,Neutral,Agree,3,Neutral,Agree,4,,,81,Regular,FALSE,,3.2,3.4,3,4,3,3,1,3,2,3,2,4,4,2,3,12,1,2,3,3,3,3,4,12,4,3,5,20,3,2,5,15,2,2,6,12,97,0,2
9/17/2025 23:23,Yes,Yes,Public Higher Education Institutions,Bsit,"STEM (e.g.): Engineering, Computer Science, Nursing, Biology",2,2.01-2.50,Occasionally,3,Occasionally,3,Occasionally,3,Occasionally,3,Occasionally,2,Always,4,Always,4,Always,3,Neutral,Neutral,Neutral,Neutral,Neutral,Agree,Agree,Agree,Agree,Agree,3,Neutral,Agree,5,,,106,Regular,FALSE,,3,3.6,3,5,2,3,1,2,2,3,2,4,2,3,3,6,2,3,3,6,2,2,4,8,5,4,5,25,5,4,5,25,5,3,6,30,97,1,2
9/17/2025 23:23,Yes,Yes,Public Higher Education Institutions,COLLEGE OF COMPUTING STUDIES - BACHELOR OF SCIENCE IN INFORMATION TECHNOLOGY,"Non-STEM (e.g.): Business Administration, Psychology, Communication, Education",2,1.51-1.75,Occasionally,2,Occasionally,3,Occasionally,2,Occasionally,2,Occasionally,2,Never,1,Occasionally,3,Sometimes,2,Disagree,Neutral,Disagree,Neutral,Agree,Neutral,Neutral,Neutral,Neutral,Neutral,2,Neutral,Neutral,2,,,59,Regular,FALSE,,2.8,3,2,2,2,2,1,2,2,3,2,4,2,2,3,6,2,2,3,6,2,2,4,8,1,1,5,5,2,3,5,10,3,2,6,18,97,0,0
9/17/2025 23:23,Yes,Yes,Public Higher Education Institutions,BSIT,"STEM (e.g.): Engineering, Computer Science, Nursing, Biology",2,2.01-2.50,Occasionally,2,Sometimes,1,Occasionally,3,Often,4,Often,3,Always,4,Always,4,Sometimes,3,Agree,Strongly Agree,Strongly Agree,Disagree,Strongly Agree,Strongly Agree,Strongly Agree,Strongly Agree,Disagree,Agree,4,Neutral,Agree,4,,,110,Regular,FALSE,,4.6,4.6,4,4,2,2,1,2,3,1,2,6,2,3,3,6,4,4,3,12,4,3,4,16,5,4,5,25,5,4,5,25,3,3,6,18,97,1,1
9/17/2025 23:23,Yes,Yes,Public Higher Education Institutions,Bachelor of Science in Information Technology ,"STEM (e.g.): Engineering, Computer Science, Nursing, Biology",2,1.76-2.00,Always,3,Often,3,Sometimes,2,Never,3,Always,3,Occasionally,2,Always,4,Sometimes,3,Agree,Agree,Agree,Neutral,Agree,Agree,Neutral,Agree,Strongly Agree,Agree,5,Agree,Agree,3,,,98,Regular,FALSE,,3.8,3.2,5,3,5,3,1,5,4,3,2,8,3,2,3,9,1,3,3,3,5,3,4,20,2,2,5,10,5,4,5,25,3,3,6,18,97,1,2
9/17/2025 23:23,Yes,Yes,Public Higher Education Institutions,Bachelor of Science in Information Technology,"Non-STEM (e.g.): Business Administration, Psychology, Communication, Education",2,1.76-2.00,Often,3,Often,3,Often,3,Often,3,Sometimes,2,Always,4,Sometimes,3,Sometimes,3,Neutral,Agree,Agree,Agree,Agree,Agree,Agree,Agree,Neutral,Agree,4,Agree,Agree,4,,,106,Regular,FALSE,,3.4,3.8,4,4,4,3,1,4,4,3,2,8,4,3,3,12,4,3,3,12,3,2,4,12,5,4,5,25,3,3,5,15,3,3,6,18,97,1,1
9/17/2025 23:23,Yes,Yes,Public Higher Education Institutions,BSIT,"STEM (e.g.): Engineering, Computer Science, Nursing, Biology",2,1.26-1.50,Often,1,Occasionally,3,Often,2,Occasionally,2,Sometimes,2,Occasionally,2,Always,4,Often,4,Neutral,Agree,Agree,Disagree,Strongly Agree,Agree,Agree,Neutral,Disagree,Agree,4,Disagree,Neutral,4,,,97,Regular,FALSE,,4,3.8,4,4,4,1,1,4,2,3,2,4,4,2,3,12,2,2,3,6,3,2,4,12,2,2,5,10,5,4,5,25,4,4,6,24,97,1,1
9/17/2025 23:23,Yes,Yes,Public Higher Education Institutions,BSIT,"STEM (e.g.): Engineering, Computer Science, Nursing, Biology",2,2.01-2.50,Sometimes,3,Often,4,Sometimes,5,Occasionally,5,Occasionally,3,Occasionally,3,Occasionally,2,Occasionally,3,Agree,Agree,Agree,Agree,Agree,Disagree,Agree,Agree,Disagree,Agree,3,Agree,Agree,4,,,66,Regular,FALSE,,3.6,3.6,3,4,3,3,1,3,4,4,2,8,3,5,3,9,2,5,3,6,2,3,4,8,2,3,5,10,2,2,5,10,2,3,6,12,97,0,2
9/17/2025 23:23,Yes,Yes,Public Higher Education Institutions,IT,"STEM (e.g.): Engineering, Computer Science, Nursing, Biology",2,2.01-2.50,Sometimes,1,Never,3,Never,2,Never,1,Often,2,Never,1,Sometimes,2,Sometimes,2,Neutral,Agree,Strongly Disagree,Neutral,Strongly Agree,Agree,Neutral,Agree,Neutral,Strongly Agree,3,Neutral,Agree,3,,,65,Regular,FALSE,,3.2,3.8,3,3,3,1,1,3,1,3,2,2,1,2,3,3,1,1,3,3,4,2,4,16,1,1,5,5,3,2,5,15,3,2,6,18,97,0,2
9/17/2025 23:23,Yes,Yes,Public Higher Education Institutions,BSIT,"STEM (e.g.): Engineering, Computer Science, Nursing, Biology",2,2.51-3.00,Often,3,Often,3,Always,4,Always,5,Occasionally,2,Sometimes,3,Always,4,Sometimes,3,Agree,Neutral,Neutral,Agree,Disagree,Agree,Agree,Neutral,Neutral,Neutral,3,Neutral,Agree,4,,,108,Regular,FALSE,,2.8,3.4,3,4,4,3,1,4,4,3,2,8,5,4,3,15,5,5,3,15,2,2,4,8,3,3,5,15,5,4,5,25,3,3,6,18,97,1,2
9/17/2025 23:23,Yes,Yes,Public Higher Education Institutions,INFORMATION TECHNOLOGY,"STEM (e.g.): Engineering, Computer Science, Nursing, Biology",2,3.01-5.00,Often,2,Sometimes,3,Occasionally,3,Never,3,Occasionally,3,Occasionally,3,Occasionally,3,Never,4,Neutral,Disagree,Strongly Disagree,Strongly Agree,Neutral,Neutral,Disagree,Agree,Agree,Strongly Disagree,3,Disagree,Neutral,3,,,53,Strategic,FALSE,,2,2.4,3,3,4,2,1,4,3,3,2,6,2,3,3,6,1,3,3,3,2,3,4,8,2,3,5,10,2,3,5,10,1,4,6,6,97,0,0
9/17/2025 23:23,Yes,Yes,Public Higher Education Institutions,BSIT CCS,"STEM (e.g.): Engineering, Computer Science, Nursing, Biology",2,2.51-3.00,Sometimes,3,Sometimes,3,Sometimes,3,Sometimes,3,Often,4,Sometimes,3,Sometimes,3,Sometimes,3,Agree,Neutral,Agree,Agree,Neutral,Agree,Agree,Neutral,Agree,Agree,4,Agree,Agree,5,,,91,Regular,FALSE,,3.2,3.4,4,5,3,3,1,3,3,3,2,6,3,3,3,9,3,3,3,9,4,4,4,16,3,3,5,15,3,3,5,15,3,3,6,18,97,0,2
9/17/2025 23:23,Yes,Yes,Public Higher Education Institutions,BSIT,"STEM (e.g.): Engineering, Computer Science, Nursing, Biology",2,2.01-2.50,Sometimes,3,Sometimes,3,Sometimes,3,Sometimes,3,Sometimes,2,Sometimes,2,Never,5,Never,1,Agree,Agree,Neutral,Disagree,Neutral,Neutral,Agree,Neutral,Neutral,Neutral,3,Neutral,Agree,2,,,65,Regular,FALSE,,3.6,3.2,3,2,3,3,1,3,3,3,2,6,3,3,3,9,3,3,3,9,3,2,4,12,3,2,5,15,1,5,5,5,1,1,6,6,97,0,2
9/17/2025 23:23,Yes,Yes,Public Higher Education Institutions,BSIT,"Non-STEM (e.g.): Business Administration, Psychology, Communication, Education",2,1.26-1.50,Sometimes,2,Sometimes,3,Never,4,Often,3,Occasionally,2,Sometimes,3,Always,2,Occasionally,2,Agree,Neutral,Agree,Agree,Disagree,Agree,Agree,Neutral,Disagree,Neutral,4,Neutral,Agree,3,,,84,Regular,FALSE,,3,3.6,4,3,3,2,1,3,3,3,2,6,1,4,3,3,4,3,3,12,2,2,4,8,3,3,5,15,5,2,5,25,2,2,6,12,97,0,2
9/17/2025 23:23,Yes,Yes,Public Higher Education Institutions,BSIT,"STEM (e.g.): Engineering, Computer Science, Nursing, Biology",2,1.51-1.75,Occasionally,1,Occasionally,2,Occasionally,3,Occasionally,3,Occasionally,2,Occasionally,2,Sometimes,2,Occasionally,3,Agree,Agree,Agree,Neutral,Neutral,Agree,Neutral,Neutral,Disagree,Agree,3,Agree,Neutral,2,,,63,Regular,FALSE,,3.6,3.6,3,2,2,1,1,2,2,2,2,4,2,3,3,6,2,3,3,6,2,2,4,8,2,2,5,10,3,2,5,15,2,3,6,12,97,0,2
9/17/2025 23:23,Yes,Yes,Public Higher Education Institutions,BSIT,"STEM (e.g.): Engineering, Computer Science, Nursing, Biology",2,1.76-2.00,Sometimes,3,Sometimes,3,Sometimes,3,Sometimes,3,Occasionally,4,Sometimes,3,Sometimes,3,Sometimes,3,Neutral,Neutral,Neutral,Neutral,Neutral,Neutral,Neutral,Neutral,Neutral,Neutral,3,Neutral,Agree,2,,,83,Regular,FALSE,,3,3,3,2,3,3,1,3,3,3,2,6,3,3,3,9,3,3,3,9,2,4,4,8,3,3,5,15,3,3,5,15,3,3,6,18,97,0,0
9/17/2025 23:24,Yes,Yes,Public Higher Education Institutions,BSIT (Information Technology),"STEM (e.g.): Engineering, Computer Science, Nursing, Biology",2,2.51-3.00,Occasionally,2,Occasionally,3,Often,4,Often,4,Occasionally,3,Occasionally,2,Occasionally,2,Occasionally,2,Neutral,Neutral,Agree,Neutral,Neutral,Neutral,Agree,Neutral,Disagree,Neutral,3,Neutral,Agree,3,,,70,Regular,FALSE,,3.2,3.4,3,3,2,2,1,2,2,3,2,4,4,4,3,12,4,4,3,12,2,3,4,8,2,2,5,10,2,2,5,10,2,2,6,12,97,0,2
9/17/2025 23:24,Yes,Yes,Public Higher Education Institutions,Bachelor of Science in Information Technology,"Non-STEM (e.g.): Business Administration, Psychology, Communication, Education",2,1.51-1.75,Occasionally,1,Occasionally,2,Sometimes,2,Often,4,Often,3,Occasionally,2,Often,5,Sometimes,3,Agree,Agree,Neutral,Disagree,Agree,Strongly Agree,Neutral,Agree,Disagree,Neutral,3,Neutral,Agree,4,,,91,Regular,FALSE,,3.8,3.8,3,4,2,1,1,2,2,2,2,4,3,2,3,9,4,4,3,12,4,3,4,16,2,2,5,10,4,5,5,20,3,3,6,18,97,0,1
9/17/2025 23:24,Yes,Yes,Public Higher Education Institutions,BSIT,"Non-STEM (e.g.): Business Administration, Psychology, Communication, Education",2,1.26-1.50,Occasionally,3,Occasionally,2,Sometimes,3,Sometimes,3,Occasionally,2,Sometimes,3,Occasionally,3,Often,4,Neutral,Agree,Neutral,Neutral,Agree,Agree,Agree,Agree,Disagree,Agree,3,Agree,Agree,3,,,81,Regular,FALSE,,3.4,4,3,3,2,3,1,2,2,2,2,4,3,3,3,9,3,3,3,9,2,2,4,8,3,3,5,15,2,3,5,10,4,4,6,24,97,0,2
9/17/2025 23:24,Yes,Yes,Public Higher Education Institutions,BSIT,"STEM (e.g.): Engineering, Computer Science, Nursing, Biology",2,1.51-1.75,Often,3,Often,2,Occasionally,3,Often,3,Often,2,Often,4,Often,4,Often,4,Agree,Agree,Strongly Agree,Neutral,Agree,Agree,Agree,Strongly Agree,Disagree,Neutral,4,Neutral,Neutral,5,,,110,Regular,FALSE,,4,4,4,5,4,3,1,4,4,2,2,8,2,3,3,6,4,3,3,12,4,2,4,16,4,4,5,20,4,4,5,20,4,4,6,24,97,1,1
9/17/2025 23:24,Yes,Yes,Public Higher Education Institutions,BSIT,"STEM (e.g.): Engineering, Computer Science, Nursing, Biology",2,2.51-3.00,Occasionally,2,Occasionally,2,Occasionally,2,Occasionally,3,Occasionally,2,Occasionally,1,Occasionally,3,Occasionally,2,Neutral,Agree,Disagree,Neutral,Neutral,Agree,Neutral,Agree,Disagree,Agree,3,Neutral,Neutral,3,,,58,Regular,FALSE,,3,3.8,3,3,2,2,1,2,2,2,2,4,2,2,3,6,2,3,3,6,2,2,4,8,2,1,5,10,2,3,5,10,2,2,6,12,97,0,2
9/17/2025 23:24,Yes,Yes,Public Higher Education Institutions,BSIT,"STEM (e.g.): Engineering, Computer Science, Nursing, Biology",2,1.76-2.00,Sometimes,3,Sometimes,3,Sometimes,3,Sometimes,3,Sometimes,3,Sometimes,3,Sometimes,3,Sometimes,3,Neutral,Neutral,Neutral,Neutral,Neutral,Agree,Neutral,Neutral,Neutral,Neutral,3,Neutral,Neutral,4,,,87,Regular,FALSE,,3,3.2,3,4,3,3,1,3,3,3,2,6,3,3,3,9,3,3,3,9,3,3,4,12,3,3,5,15,3,3,5,15,3,3,6,18,97,0,2
9/17/2025 23:24,Yes,Yes,Public Higher Education Institutions,BSIT,"STEM (e.g.): Engineering, Computer Science, Nursing, Biology",2,2.01-2.50,Occasionally,2,Never,1,Sometimes,2,Never,1,Often,4,Often,4,Always,5,Always,5,Neutral,Agree,Neutral,Disagree,Strongly Agree,Agree,Strongly Agree,Strongly Agree,Disagree,Strongly Agree,3,Agree,Strongly Agree,5,,,107,Over-reliant,TRUE,solve_complex,3.8,4.6,3,5,2,2,1,2,1,1,2,2,3,2,3,9,1,1,3,3,4,4,4,16,4,4,5,20,5,5,5,25,5,5,6,30,97,1,1
9/17/2025 23:24,Yes,Yes,Public Higher Education Institutions,BSIT,"Non-STEM (e.g.): Business Administration, Psychology, Communication, Education",2,2.01-2.50,Often,3,Sometimes,3,Sometimes,3,Sometimes,3,Sometimes,3,Sometimes,3,Sometimes,2,Occasionally,3,Neutral,Neutral,Disagree,Disagree,Neutral,Disagree,Neutral,Neutral,Neutral,Disagree,2,Neutral,Neutral,4,,,82,Regular,FALSE,,3,2.6,2,4,4,3,1,4,3,3,2,6,3,3,3,9,3,3,3,9,3,3,4,12,3,3,5,15,3,2,5,15,2,3,6,12,97,0,0
9/17/2025 23:24,Yes,Yes,Public Higher Education Institutions,IT,"STEM (e.g.): Engineering, Computer Science, Nursing, Biology",2,2.51-3.00,Occasionally,4,Never,2,Often,3,Never,1,Often,3,Occasionally,3,Often,4,Occasionally,3,Neutral,Neutral,Strongly Agree,Strongly Agree,Neutral,Strongly Agree,Strongly Agree,Neutral,Disagree,Agree,4,Agree,Strongly Agree,5,,,77,Regular,FALSE,,3,4.2,4,5,2,4,1,2,1,2,2,2,4,3,3,12,1,1,3,3,4,3,4,16,2,3,5,10,4,4,5,20,2,3,6,12,97,0,2
9/17/2025 23:24,Yes,Yes,Public Higher Education Institutions,BSIT,"STEM (e.g.): Engineering, Computer Science, Nursing, Biology",2,2.01-2.50,Sometimes,3,Sometimes,3,Sometimes,3,Sometimes,3,Sometimes,3,Sometimes,3,Sometimes,3,Sometimes,3,Neutral,Neutral,Neutral,Neutral,Neutral,Neutral,Neutral,Neutral,Neutral,Neutral,3,Neutral,Neutral,3,,,87,Regular,FALSE,,3,3,3,3,3,3,1,3,3,3,2,6,3,3,3,9,3,3,3,9,3,3,4,12,3,3,5,15,3,3,5,15,3,3,6,18,97,0,0
9/17/2025 23:24,Yes,No,,,,,,,,,,,,,,,,,,,,,,,,,,,,,,,,,,,,,Not ,0,Regular,FALSE,,,,,,,,1,,,,2,,,,3,,,,3,,,,4,,,,5,,,,5,,,,6,,97,0,
9/17/2025 23:24,Yes,Yes,Public Higher Education Institutions,information technology ,"STEM (e.g.): Engineering, Computer Science, Nursing, Biology",2,1.26-1.50,Sometimes,3,Sometimes,3,Sometimes,3,Sometimes,3,Sometimes,3,Sometimes,3,Sometimes,3,Occasionally,4,Neutral,Neutral,Disagree,Disagree,Neutral,Disagree,Neutral,Neutral,Neutral,Disagree,3,Neutral,Neutral,3,,,81,Regular,FALSE,,3,2.6,3,3,3,3,1,3,3,3,2,6,3,3,3,9,3,3,3,9,3,3,4,12,3,3,5,15,3,3,5,15,2,4,6,12,97,0,0
9/17/2025 23:24,Yes,Yes,Public Higher Education Institutions,Bachelor of Science in Information Technology,"Non-STEM (e.g.): Business Administration, Psychology, Communication, Education",2,2.51-3.00,Often,3,Sometimes,3,Occasionally,3,Sometimes,3,Sometimes,3,Occasionally,3,Occasionally,3,Sometimes,3,Neutral,Agree,Neutral,Agree,Neutral,Neutral,Neutral,Agree,Agree,Neutral,3,Neutral,Agree,3,,,75,Regular,FALSE,,3,3,3,3,4,3,1,4,3,3,2,6,2,3,3,6,3,3,3,9,3,3,4,12,2,3,5,10,2,3,5,10,3,3,6,18,97,0,0
9/17/2025 23:24,Yes,Yes,Public Higher Education Institutions,Bsit,"STEM (e.g.): Engineering, Computer Science, Nursing, Biology",2,1.76-2.00,Always,4,Often,3,Often,3,Occasionally,2,Sometimes,3,Often,4,Occasionally,2,Sometimes,2,Agree,Neutral,Agree,Neutral,Agree,Agree,Agree,Agree,Neutral,Neutral,5,Agree,Strongly Agree,4,,,91,Regular,FALSE,,3.6,3.6,5,4,5,4,1,5,4,3,2,8,4,3,3,12,2,2,3,6,3,3,4,12,4,4,5,20,2,2,5,10,3,2,6,18,97,0,2
9/17/2025 23:24,Yes,Yes,Public Higher Education Institutions,BSIT,"STEM (e.g.): Engineering, Computer Science, Nursing, Biology",2,1.76-2.00,Occasionally,1,Occasionally,1,Often,1,Often,2,Often,2,Occasionally,1,Often,2,Sometimes,3,Neutral,Strongly Agree,Strongly Agree,Neutral,Strongly Agree,Strongly Agree,Strongly Agree,Strongly Agree,Strongly Disagree,Strongly Agree,3,Disagree,Agree,1,,,94,Regular,FALSE,,4.2,5,3,1,2,1,1,2,2,1,2,4,4,1,3,12,4,2,3,12,4,2,4,16,2,1,5,10,4,2,5,20,3,3,6,18,97,0,1
9/17/2025 23:25,Yes,Yes,Public Higher Education Institutions,Bsit,"STEM (e.g.): Engineering, Computer Science, Nursing, Biology",2,1.76-2.00,Sometimes,4,Often,3,Sometimes,4,Sometimes,3,Sometimes,3,Often,4,Often,5,Sometimes,4,Neutral,Neutral,Neutral,Neutral,Neutral,Neutral,Neutral,Neutral,Disagree,Neutral,4,Neutral,Agree,3,,,99,Regular,FALSE,,3,3.2,4,3,3,4,1,3,4,3,2,8,3,4,3,9,3,3,3,9,3,3,4,12,4,4,5,20,4,5,5,20,3,4,6,18,97,1,2
9/17/2025 23:25,Yes,Yes,Public Higher Education Institutions,BSIT,"STEM (e.g.): Engineering, Computer Science, Nursing, Biology",2,2.51-3.00,Occasionally,1,Never,1,Occasionally,2,Never,3,Occasionally,2,Never,1,Occasionally,3,Never,3,Agree,Neutral,Disagree,Strongly Disagree,Neutral,Neutral,Agree,Agree,Disagree,Neutral,3,Agree,Neutral,1,,,42,Regular,FALSE,,3.4,3.6,3,1,2,1,1,2,1,1,2,2,2,2,3,6,1,3,3,3,2,2,4,8,1,1,5,5,2,3,5,10,1,3,6,6,97,0,2
9/17/2025 23:25,Yes,Yes,Public Higher Education Institutions,IT,"STEM (e.g.): Engineering, Computer Science, Nursing, Biology",2,2.01-2.50,Sometimes,3,Sometimes,2,Occasionally,2,Often,3,Occasionally,2,Never,1,Sometimes,3,Often,4,Neutral,Agree,Agree,Neutral,Neutral,Agree,Agree,Agree,Neutral,Agree,3,Neutral,Agree,3,,,79,Regular,FALSE,,3.4,3.8,3,3,3,3,1,3,3,2,2,6,2,2,3,6,4,3,3,12,2,2,4,8,1,1,5,5,3,3,5,15,4,4,6,24,97,0,2
9/17/2025 23:25,Yes,Yes,Public Higher Education Institutions,BSIT,"STEM (e.g.): Engineering, Computer Science, Nursing, Biology",2,2.51-3.00,Never,1,Never,1,Never,2,Never,1,Occasionally,1,Never,2,Never,2,Never,1,Strongly Disagree,Strongly Disagree,Strongly Disagree,Neutral,Neutral,Strongly Disagree,Strongly Disagree,Strongly Disagree,Neutral,Strongly Disagree,2,Strongly Disagree,Strongly Disagree,2,,,33,Regular,FALSE,,1.8,1.4,2,2,1,1,1,1,1,1,2,2,1,2,3,3,1,1,3,3,2,1,4,8,1,2,5,5,1,2,5,5,1,1,6,6,97,0,0
9/17/2025 23:25,Yes,Yes,Public Higher Education Institutions,BSIT,"STEM (e.g.): Engineering, Computer Science, Nursing, Biology",2,1.26-1.50,Sometimes,2,Never,1,Sometimes,1,Sometimes,1,Sometimes,2,Sometimes,2,Sometimes,2,Sometimes,1,Agree,Agree,Disagree,Disagree,Disagree,Neutral,Neutral,Neutral,Neutral,Neutral,2,Neutral,Neutral,2,,,83,Regular,FALSE,,3.2,3,2,2,3,2,1,3,1,1,2,2,3,1,3,9,3,1,3,9,3,2,4,12,3,2,5,15,3,2,5,15,3,1,6,18,97,0,2
9/17/2025 23:25,Yes,Yes,Public Higher Education Institutions,BSIT,"STEM (e.g.): Engineering, Computer Science, Nursing, Biology",2,1.76-2.00,Sometimes,3,Sometimes,4,Sometimes,4,Sometimes,4,Sometimes,4,Sometimes,4,Sometimes,3,Sometimes,4,Agree,Agree,Neutral,Neutral,Agree,Neutral,Agree,Agree,Agree,Agree,3,Neutral,Neutral,4,,,87,Regular,FALSE,,3.6,3.4,3,4,3,3,1,3,3,4,2,6,3,4,3,9,3,4,3,9,3,4,4,12,3,4,5,15,3,3,5,15,3,4,6,18,97,0,2
9/17/2025 23:25,Yes,Yes,Public Higher Education Institutions,Bachelor of Science in Information Technology,"STEM (e.g.): Engineering, Computer Science, Nursing, Biology",2,2.51-3.00,Occasionally,2,Occasionally,2,Occasionally,2,Occasionally,2,Occasionally,3,Occasionally,2,Occasionally,2,Occasionally,2,Neutral,Disagree,Disagree,Neutral,Neutral,Neutral,Disagree,Disagree,Neutral,Neutral,2,Disagree,Neutral,2,,,58,Regular,FALSE,,2.6,2.6,2,2,2,2,1,2,2,2,2,4,2,2,3,6,2,2,3,6,2,3,4,8,2,2,5,10,2,2,5,10,2,2,6,12,97,0,0
9/17/2025 23:25,Yes,Yes,Public Higher Education Institutions,Bachelor of Science in Information Technology ,"STEM (e.g.): Engineering, Computer Science, Nursing, Biology",2,2.01-2.50,Always,3,Often,3,Occasionally,2,Occasionally,3,Occasionally,2,Occasionally,2,Sometimes,3,Occasionally,2,Neutral,Disagree,Neutral,Agree,Disagree,Neutral,Neutral,Neutral,Disagree,Neutral,3,Neutral,Neutral,2,,,70,Regular,FALSE,,2.4,3.2,3,2,5,3,1,5,4,3,2,8,2,2,3,6,2,3,3,6,2,2,4,8,2,2,5,10,3,3,5,15,2,2,6,12,97,0,0
9/17/2025 23:25,Yes,Yes,Public Higher Education Institutions,BSIT,"STEM (e.g.): Engineering, Computer Science, Nursing, Biology",2,2.01-2.50,Sometimes,3,Occasionally,3,Never,3,Occasionally,3,Often,4,Sometimes,4,Occasionally,2,Occasionally,2,Neutral,Neutral,Neutral,Agree,Disagree,Agree,Neutral,Neutral,Disagree,Neutral,3,Neutral,Agree,3,,,69,Regular,FALSE,,2.6,3.4,3,3,3,3,1,3,2,3,2,4,1,3,3,3,2,3,3,6,4,4,4,16,3,4,5,15,2,2,5,10,2,2,6,12,97,0,0
9/17/2025 23:25,Yes,Yes,Public Higher Education Institutions,BSIT,"Non-STEM (e.g.): Business Administration, Psychology, Communication, Education",2,2.01-2.50,Sometimes,2,Sometimes,2,Often,4,Never,1,Never,1,Occasionally,3,Always,4,Sometimes,3,Neutral,Agree,Agree,Disagree,Agree,Agree,Agree,Agree,Disagree,Neutral,3,Disagree,Agree,4,,,81,Regular,FALSE,,3.8,3.8,3,4,3,2,1,3,3,2,2,6,4,4,3,12,1,1,3,3,1,1,4,4,2,3,5,10,5,4,5,25,3,3,6,18,97,0,2
9/17/2025 23:25,Yes,Yes,Public Higher Education Institutions,IT,"Non-STEM (e.g.): Business Administration, Psychology, Communication, Education",4,2.01-2.50,Often,2,Sometimes,2,Sometimes,2,Sometimes,2,Occasionally,3,Sometimes,2,Sometimes,2,Occasionally,2,Agree,Agree,Neutral,Neutral,Neutral,Agree,Agree,Agree,Neutral,Agree,4,Agree,Agree,2,,,78,Regular,FALSE,,3.4,3.8,4,2,4,2,1,4,3,2,2,6,3,2,3,9,3,2,3,9,2,3,4,8,3,2,5,15,3,2,5,15,2,2,6,12,97,0,2
9/17/2025 23:26,Yes,Yes,Public Higher Education Institutions,BSIT,"Non-STEM (e.g.): Business Administration, Psychology, Communication, Education",2,1.26-1.50,Sometimes,2,Sometimes,2,Often,3,Often,3,Sometimes,3,Often,3,Occasionally,2,Occasionally,2,Strongly Disagree,Strongly Disagree,Strongly Disagree,Disagree,Strongly Disagree,Strongly Disagree,Strongly Disagree,Strongly Disagree,Disagree,Strongly Disagree,4,Strongly Disagree,Strongly Disagree,4,,,87,Regular,FALSE,,1.6,1.6,4,4,3,2,1,3,3,2,2,6,4,3,3,12,4,3,3,12,3,3,4,12,4,3,5,20,2,2,5,10,2,2,6,12,97,0,0
9/17/2025 23:26,Yes,Yes,Public Higher Education Institutions,BSIT,"Non-STEM (e.g.): Business Administration, Psychology, Communication, Education",2,3.01-5.00,Often,1,Sometimes,2,Often,3,Sometimes,2,Sometimes,2,Often,4,Often,3,Sometimes,3,Neutral,Agree,Disagree,Neutral,Neutral,Neutral,Agree,Agree,Neutral,Neutral,2,Neutral,Neutral,2,,,101,Regular,FALSE,,3,3.4,2,2,4,1,1,4,3,2,2,6,4,3,3,12,3,2,3,9,3,2,4,12,4,4,5,20,4,3,5,20,3,3,6,18,97,1,2
9/17/2025 23:26,Yes,Yes,Public Higher Education Institutions,IT,"Non-STEM (e.g.): Business Administration, Psychology, Communication, Education",2,1.76-2.00,Sometimes,3,Sometimes,3,Sometimes,3,Sometimes,3,Sometimes,3,Sometimes,3,Sometimes,3,Sometimes,3,Neutral,Neutral,Neutral,Neutral,Neutral,Agree,Agree,Neutral,Neutral,Neutral,4,Agree,Neutral,4,,,87,Regular,FALSE,,3,3.4,4,4,3,3,1,3,3,3,2,6,3,3,3,9,3,3,3,9,3,3,4,12,3,3,5,15,3,3,5,15,3,3,6,18,97,0,2
9/17/2025 23:26,Yes,Yes,Public Higher Education Institutions,Bachelor of Science in Information Technology (BS IT),"STEM (e.g.): Engineering, Computer Science, Nursing, Biology",2,2.01-2.50,Sometimes,3,Never,2,Sometimes,3,Often,4,Occasionally,4,Occasionally,3,Occasionally,3,Occasionally,3,Disagree,Neutral,Disagree,Agree,Agree,Disagree,Neutral,Neutral,Agree,Agree,3,Agree,Disagree,3,,,66,Regular,FALSE,,2.6,2.8,3,3,3,3,1,3,1,2,2,2,3,3,3,9,4,4,3,12,2,4,4,8,2,3,5,10,2,3,5,10,2,3,6,12,97,0,0
9/17/2025 23:26,Yes,Yes,Public Higher Education Institutions,BSIT,"STEM (e.g.): Engineering, Computer Science, Nursing, Biology",2,2.51-3.00,Sometimes,2,Sometimes,3,Sometimes,3,Occasionally,2,Occasionally,3,Occasionally,3,Sometimes,3,Occasionally,3,Neutral,Neutral,Neutral,Agree,Neutral,Neutral,Disagree,Neutral,Disagree,Neutral,2,Disagree,Neutral,3,,,69,Regular,FALSE,,2.8,3,2,3,3,2,1,3,3,3,2,6,3,3,3,9,2,2,3,6,2,3,4,8,2,3,5,10,3,3,5,15,2,3,6,12,97,0,0
9/17/2025 23:26,Yes,Yes,Public Higher Education Institutions,BSIT,"Non-STEM (e.g.): Business Administration, Psychology, Communication, Education",2,2.51-3.00,Occasionally,2,Occasionally,1,Sometimes,3,Often,4,Occasionally,1,Occasionally,1,Occasionally,2,Occasionally,3,Neutral,Agree,Neutral,Agree,Agree,Agree,Neutral,Neutral,Agree,Neutral,3,Agree,Agree,4,,,67,Regular,FALSE,,3.2,3,3,4,2,2,1,2,2,1,2,4,3,3,3,9,4,4,3,12,2,1,4,8,2,1,5,10,2,2,5,10,2,3,6,12,97,0,0
9/17/2025 23:26,Yes,Yes,Public Higher Education Institutions,Information Technology,"Non-STEM (e.g.): Business Administration, Psychology, Communication, Education",2,2.01-2.50,Sometimes,3,Sometimes,3,Occasionally,2,Sometimes,3,Sometimes,3,Often,4,Often,3,Occasionally,3,Neutral,Neutral,Disagree,Disagree,Neutral,Neutral,Neutral,Agree,Disagree,Disagree,3,Neutral,Neutral,3,,,88,Regular,FALSE,,3,3.2,3,3,3,3,1,3,3,3,2,6,2,2,3,6,3,3,3,9,3,3,4,12,4,4,5,20,4,3,5,20,2,3,6,12,97,0,2
9/17/2025 23:26,Yes,Yes,Public Higher Education Institutions,Information Technology,"Non-STEM (e.g.): Business Administration, Psychology, Communication, Education",2,2.51-3.00,Occasionally,1,Sometimes,2,Sometimes,3,Sometimes,3,Often,4,Never,1,Occasionally,2,Sometimes,3,Agree,Agree,Agree,Disagree,Agree,Agree,Agree,Agree,Disagree,Agree,4,Agree,Strongly Agree,3,,,75,Regular,FALSE,,4,4,4,3,2,1,1,2,3,2,2,6,3,3,3,9,3,3,3,9,4,4,4,16,1,1,5,5,2,2,5,10,3,3,6,18,97,0,2
9/17/2025 23:26,Yes,Yes,Public Higher Education Institutions,BS-INFORMATION TECHNOLOGY,"STEM (e.g.): Engineering, Computer Science, Nursing, Biology",2,1.76-2.00,Sometimes,3,Sometimes,3,Sometimes,3,Sometimes,3,Sometimes,3,Often,2,Sometimes,3,Sometimes,3,Disagree,Disagree,Disagree,Disagree,Disagree,Neutral,Disagree,Disagree,Neutral,Neutral,2,Neutral,Neutral,2,,,92,Regular,FALSE,,2.4,2.6,2,2,3,3,1,3,3,3,2,6,3,3,3,9,3,3,3,9,3,3,4,12,4,2,5,20,3,3,5,15,3,3,6,18,97,0,0
9/17/2025 23:27,Yes,Yes,Public Higher Education Institutions,BSIT,"STEM (e.g.): Engineering, Computer Science, Nursing, Biology",2,2.51-3.00,Often,3,Occasionally,2,Sometimes,1,Occasionally,5,Sometimes,2,Occasionally,4,Occasionally,2,Occasionally,4,Disagree,Strongly Agree,Neutral,Agree,Agree,Agree,Agree,Agree,Disagree,Agree,2,Neutral,Agree,4,,,67,Strategic,FALSE,,3.2,4,2,4,4,3,1,4,2,2,2,4,3,1,3,9,2,5,3,6,3,2,4,12,2,4,5,10,2,2,5,10,2,4,6,12,97,0,2
9/17/2025 23:27,Yes,Yes,Public Higher Education Institutions,BSIT,"Non-STEM (e.g.): Business Administration, Psychology, Communication, Education",2,2.01-2.50,Occasionally,3,Sometimes,3,Occasionally,2,Sometimes,2,Often,3,Occasionally,3,Occasionally,3,Occasionally,3,Strongly Disagree,Neutral,Disagree,Agree,Neutral,Strongly Disagree,Disagree,Neutral,Neutral,Neutral,2,Disagree,Neutral,2,,,71,Regular,FALSE,,2.2,2.4,2,2,2,3,1,2,3,3,2,6,2,2,3,6,3,2,3,9,4,3,4,16,2,3,5,10,2,3,5,10,2,3,6,12,97,0,0
9/17/2025 23:27,Yes,Yes,Public Higher Education Institutions,BSIT,"STEM (e.g.): Engineering, Computer Science, Nursing, Biology",2,2.01-2.50,Often,3,Often,3,Never,2,Occasionally,2,Sometimes,2,Sometimes,3,Sometimes,2,Often,3,Neutral,Neutral,Agree,Neutral,Neutral,Agree,Agree,Agree,Disagree,Agree,3,Neutral,Agree,3,,,87,Regular,FALSE,,3.2,4,3,3,4,3,1,4,4,3,2,8,1,2,3,3,2,2,3,6,3,2,4,12,3,3,5,15,3,2,5,15,4,3,6,24,97,0,2
9/17/2025 23:27,Yes,Yes,Public Higher Education Institutions,Bachelor Of Science In Information Technology(BSIT),"STEM (e.g.): Engineering, Computer Science, Nursing, Biology",2,2.01-2.50,Sometimes,3,Sometimes,3,Sometimes,4,Never,1,Sometimes,3,Sometimes,3,Sometimes,3,Sometimes,5,Neutral,Neutral,Neutral,Agree,Neutral,Neutral,Disagree,Neutral,Neutral,Neutral,3,Neutral,Neutral,2,,,81,Regular,FALSE,,2.8,2.8,3,2,3,3,1,3,3,3,2,6,3,4,3,9,1,1,3,3,3,3,4,12,3,3,5,15,3,3,5,15,3,5,6,18,97,0,0
9/17/2025 23:27,Yes,Yes,Public Higher Education Institutions,BSIT,"STEM (e.g.): Engineering, Computer Science, Nursing, Biology",2,1.76-2.00,Sometimes,2,Sometimes,3,Sometimes,2,Never,1,Sometimes,2,Sometimes,2,Sometimes,2,Sometimes,2,Agree,Agree,Neutral,Neutral,Agree,Neutral,Agree,Neutral,Agree,Disagree,3,Neutral,Neutral,3,,,81,Regular,FALSE,,3.6,2.8,3,3,3,2,1,3,3,3,2,6,3,2,3,9,1,1,3,3,3,2,4,12,3,2,5,15,3,2,5,15,3,2,6,18,97,0,2
9/17/2025 23:28,Yes,Yes,Public Higher Education Institutions,BSIT,"STEM (e.g.): Engineering, Computer Science, Nursing, Biology",2,2.51-3.00,Sometimes,3,Sometimes,3,Often,4,Occasionally,4,Sometimes,4,Occasionally,4,Occasionally,3,Occasionally,2,Disagree,Neutral,Agree,Neutral,Agree,Agree,Neutral,Agree,Disagree,Neutral,4,Neutral,Agree,3,,,71,Regular,FALSE,,3.2,3.6,4,3,3,3,1,3,3,3,2,6,4,4,3,12,2,4,3,6,3,4,4,12,2,4,5,10,2,3,5,10,2,2,6,12,97,0,2
9/17/2025 23:28,Yes,Yes,Public Higher Education Institutions,BSIT ,"STEM (e.g.): Engineering, Computer Science, Nursing, Biology",2,2.51-3.00,Always,3,Always,2,Sometimes,2,Often,2,Sometimes,3,Always,2,Often,3,Always,3,Agree,Strongly Agree,Agree,Neutral,Neutral,Agree,Agree,Agree,Disagree,Neutral,5,Agree,Agree,4,,,123,Regular,FALSE,,3.8,3.8,5,4,5,3,1,5,5,2,2,10,3,2,3,9,4,2,3,12,3,3,4,12,5,2,5,25,4,3,5,20,5,3,6,30,97,1,1
9/17/2025 23:28,Yes,Yes,Public Higher Education Institutions,Bachelor of Science in Information Technology,"Non-STEM (e.g.): Business Administration, Psychology, Communication, Education",2,1.26-1.50,Often,2,Sometimes,2,Often,3,Never,1,Sometimes,3,Occasionally,2,Never,1,Occasionally,3,Neutral,Strongly Agree,Neutral,Agree,Strongly Agree,Agree,Agree,Agree,Disagree,Agree,3,Agree,Agree,4,,,64,Regular,FALSE,,3.6,4,3,4,4,2,1,4,3,2,2,6,4,3,3,12,1,1,3,3,3,3,4,12,2,2,5,10,1,1,5,5,2,3,6,12,97,0,2
9/17/2025 23:28,Yes,Yes,Public Higher Education Institutions,INFORMATION TECHNOLOGY ,"STEM (e.g.): Engineering, Computer Science, Nursing, Biology",2,2.51-3.00,Sometimes,3,Sometimes,3,Occasionally,3,Sometimes,3,Sometimes,3,Sometimes,3,Sometimes,3,Occasionally,3,Disagree,Neutral,Disagree,Agree,Agree,Disagree,Disagree,Disagree,Disagree,Agree,3,Disagree,Disagree,3,,,78,Regular,FALSE,,2.6,2.8,3,3,3,3,1,3,3,3,2,6,2,3,3,6,3,3,3,9,3,3,4,12,3,3,5,15,3,3,5,15,2,3,6,12,97,0,0
9/17/2025 23:28,Yes,Yes,Private Higher Education Institutions,BSIT,"STEM (e.g.): Engineering, Computer Science, Nursing, Biology",2,2.01-2.50,Never,1,Occasionally,2,Often,4,Always,5,Sometimes,3,Occasionally,2,Occasionally,2,Occasionally,2,Agree,Agree,Agree,Disagree,Agree,Agree,Strongly Agree,Agree,Strongly Disagree,Agree,4,Neutral,Agree,5,,,76,Regular,FALSE,,4,4.4,4,5,1,1,1,1,2,2,2,4,4,4,3,12,5,5,3,15,3,3,4,12,2,2,5,10,2,2,5,10,2,2,6,12,97,0,1
9/17/2025 23:28,Yes,Yes,Public Higher Education Institutions,BSIT,"STEM (e.g.): Engineering, Computer Science, Nursing, Biology",2,1.51-1.75,Often,3,Occasionally,2,Always,2,Sometimes,3,Always,2,Occasionally,2,Occasionally,3,Sometimes,3,Neutral,Strongly Agree,Strongly Agree,Neutral,Agree,Neutral,Neutral,Neutral,Disagree,Strongly Disagree,4,Agree,Agree,2,,,90,Regular,FALSE,,4,2.8,4,2,4,3,1,4,2,2,2,4,5,2,3,15,3,3,3,9,5,2,4,20,2,2,5,10,2,3,5,10,3,3,6,18,97,0,2
9/17/2025 23:28,Yes,Yes,Public Higher Education Institutions,Bachelor of Science in Information Technology ,"STEM (e.g.): Engineering, Computer Science, Nursing, Biology",4,2.01-2.50,Often,3,Occasionally,4,Often,4,Sometimes,4,Always,5,Sometimes,3,Often,4,Occasionally,4,Neutral,Agree,Neutral,Agree,Neutral,Neutral,Agree,Neutral,Neutral,Agree,5,Agree,Agree,4,,,96,Strategic,FALSE,,3,3.4,5,4,4,3,1,4,2,4,2,4,4,4,3,12,3,4,3,9,5,5,4,20,3,3,5,15,4,4,5,20,2,4,6,12,97,0,2
9/17/2025 23:28,Yes,Yes,Public Higher Education Institutions,BSIT,"STEM (e.g.): Engineering, Computer Science, Nursing, Biology",2,2.51-3.00,Often,3,Sometimes,3,Often,3,Always,3,Often,2,Always,2,Occasionally,2,Occasionally,2,Strongly Agree,Agree,Strongly Agree,Agree,Agree,Agree,Agree,Agree,Disagree,Agree,3,Agree,Agree,4,,,100,Regular,FALSE,,4,4,3,4,4,3,1,4,3,3,2,6,4,3,3,12,5,3,3,15,4,2,4,16,5,2,5,25,2,2,5,10,2,2,6,12,97,1,1
9/17/2025 23:28,Yes,Yes,Public Higher Education Institutions,BSIT,"STEM (e.g.): Engineering, Computer Science, Nursing, Biology",2,2.01-2.50,Sometimes,3,Occasionally,3,Never,3,Never,3,Often,3,Sometimes,4,Occasionally,3,Occasionally,3,Neutral,Neutral,Neutral,Neutral,Neutral,Agree,Agree,Agree,Neutral,Neutral,4,Neutral,Agree,3,,,66,Regular,FALSE,,3,3.6,4,3,3,3,1,3,2,3,2,4,1,3,3,3,1,3,3,3,4,3,4,16,3,4,5,15,2,3,5,10,2,3,6,12,97,0,2
9/17/2025 23:29,Yes,Yes,Public Higher Education Institutions,Bachelor of science in information technology ,"STEM (e.g.): Engineering, Computer Science, Nursing, Biology",2,1.51-1.75,Often,2,Occasionally,2,Often,3,Sometimes,2,Often,1,Sometimes,2,Often,3,Often,3,Agree,Agree,Agree,Neutral,Agree,Agree,Agree,Strongly Agree,Disagree,Agree,3,Agree,Strongly Agree,4,,,104,Regular,FALSE,,3.8,4.2,3,4,4,2,1,4,2,2,2,4,4,3,3,12,3,2,3,9,4,1,4,16,3,2,5,15,4,3,5,20,4,3,6,24,97,1,1
9/17/2025 23:30,Yes,Yes,Public Higher Education Institutions,BSIT,"STEM (e.g.): Engineering, Computer Science, Nursing, Biology",2,2.51-3.00,Often,3,Sometimes,3,Always,3,Sometimes,3,Sometimes,3,Occasionally,3,Sometimes,2,Often,4,Disagree,Agree,Neutral,Agree,Neutral,Agree,Agree,Agree,Disagree,Neutral,3,Neutral,Agree,4,,,95,Regular,FALSE,,2.8,3.8,3,4,4,3,1,4,3,3,2,6,5,3,3,15,3,3,3,9,3,3,4,12,2,3,5,10,3,2,5,15,4,4,6,24,97,0,2
9/17/2025 23:30,Yes,Yes,Public Higher Education Institutions,Information Technology ,"Non-STEM (e.g.): Business Administration, Psychology, Communication, Education",2,1.26-1.50,Sometimes,2,Sometimes,2,Sometimes,2,Sometimes,4,Sometimes,2,Sometimes,2,Sometimes,2,Sometimes,2,Neutral,Neutral,Neutral,Neutral,Neutral,Neutral,Neutral,Neutral,Neutral,Neutral,3,Neutral,Neutral,2,,,87,Regular,FALSE,,3,3,3,2,3,2,1,3,3,2,2,6,3,2,3,9,3,4,3,9,3,2,4,12,3,2,5,15,3,2,5,15,3,2,6,18,97,0,0
9/17/2025 23:31,Yes,Yes,Public Higher Education Institutions,BSIT,"STEM (e.g.): Engineering, Computer Science, Nursing, Biology",2,2.01-2.50,Always,3,Always,3,Always,3,Always,3,Always,3,Always,3,Always,3,Always,3,Agree,Agree,Agree,Agree,Agree,Agree,Agree,Agree,Agree,Neutral,4,Agree,Agree,3,,,145,Regular,FALSE,,3.6,3.4,4,3,5,3,1,5,5,3,2,10,5,3,3,15,5,3,3,15,5,3,4,20,5,3,5,25,5,3,5,25,5,3,6,30,97,1,1
9/17/2025 23:31,Yes,Yes,Public Higher Education Institutions,BSIT,"STEM (e.g.): Engineering, Computer Science, Nursing, Biology",2,2.01-2.50,Sometimes,3,Sometimes,3,Always,4,Sometimes,3,Often,3,Occasionally,4,Always,5,Always,5,Agree,Strongly Agree,Agree,Neutral,Agree,Agree,Strongly Agree,Neutral,Disagree,Agree,4,Agree,Agree,3,,,114,Over-reliant,TRUE,solve_complex,4,4,4,3,3,3,1,3,3,3,2,6,5,4,3,15,3,3,3,9,4,3,4,16,2,4,5,10,5,5,5,25,5,5,6,30,97,1,1
9/17/2025 23:31,Yes,Yes,Public Higher Education Institutions,BSIT,"STEM (e.g.): Engineering, Computer Science, Nursing, Biology",2,1.51-1.75,Never,2,Sometimes,2,Occasionally,2,Sometimes,2,Never,1,Sometimes,1,Never,1,Occasionally,1,Neutral,Agree,Agree,Neutral,Agree,Neutral,Neutral,Agree,Neutral,Neutral,2,Neutral,Neutral,1,,,58,Regular,FALSE,,3.6,3.2,2,1,1,2,1,1,3,2,2,6,2,2,3,6,3,2,3,9,1,1,4,4,3,1,5,15,1,1,5,5,2,1,6,12,97,0,2
9/17/2025 23:31,Yes,Yes,Public Higher Education Institutions,Information technology ,"STEM (e.g.): Engineering, Computer Science, Nursing, Biology",2,1.76-2.00,Sometimes,3,Sometimes,3,Sometimes,3,Sometimes,3,Sometimes,3,Sometimes,3,Sometimes,3,Sometimes,3,Neutral,Neutral,Neutral,Neutral,Neutral,Neutral,Neutral,Neutral,Neutral,Neutral,3,Neutral,Neutral,3,,,87,Regular,FALSE,,3,3,3,3,3,3,1,3,3,3,2,6,3,3,3,9,3,3,3,9,3,3,4,12,3,3,5,15,3,3,5,15,3,3,6,18,97,0,0
9/17/2025 23:31,Yes,Yes,Public Higher Education Institutions,BSIT,"Non-STEM (e.g.): Business Administration, Psychology, Communication, Education",2,1.76-2.00,Occasionally,1,Sometimes,3,Often,3,Occasionally,3,Sometimes,3,Sometimes,3,Often,3,Often,4,Neutral,Strongly Agree,Neutral,Neutral,Strongly Agree,Strongly Agree,Strongly Agree,Strongly Agree,Disagree,Neutral,3,Neutral,Neutral,3,,,97,Regular,FALSE,,3.8,4.4,3,3,2,1,1,2,3,3,2,6,4,3,3,12,2,3,3,6,3,3,4,12,3,3,5,15,4,3,5,20,4,4,6,24,97,1,1
9/17/2025 23:31,Yes,Yes,Public Higher Education Institutions,Information Technology ,"STEM (e.g.): Engineering, Computer Science, Nursing, Biology",2,2.01-2.50,Never,1,Sometimes,3,Often,4,Sometimes,4,Always,5,Always,4,Often,4,Always,4,Strongly Agree,Agree,Agree,Disagree,Neutral,Strongly Agree,Strongly Agree,Strongly Agree,Disagree,Neutral,4,Strongly Agree,Strongly Agree,5,,,123,Regular,FALSE,,4,4.4,4,5,1,1,1,1,3,3,2,6,4,4,3,12,3,4,3,9,5,5,4,20,5,4,5,25,4,4,5,20,5,4,6,30,97,1,1
9/17/2025 23:31,Yes,Yes,Public Higher Education Institutions,Bachelor of Science in Information Technology,"STEM (e.g.): Engineering, Computer Science, Nursing, Biology",2,1.26-1.50,Occasionally,1,Never,1,Often,1,Occasionally,3,Never,1,Occasionally,2,Never,3,Never,4,Strongly Disagree,Agree,Neutral,Strongly Disagree,Neutral,Neutral,Agree,Strongly Agree,Neutral,Strongly Agree,2,Disagree,Neutral,1,,,47,Strategic,FALSE,,3.2,4,2,1,2,1,1,2,1,1,2,2,4,1,3,12,2,3,3,6,1,1,4,4,2,2,5,10,1,3,5,5,1,4,6,6,97,0,2
9/17/2025 23:32,Yes,Yes,Public Higher Education Institutions,BSIT,"STEM (e.g.): Engineering, Computer Science, Nursing, Biology",2,1.76-2.00,Occasionally,2,Sometimes,2,Often,3,Often,3,Often,3,Often,3,Occasionally,3,Sometimes,2,Neutral,Agree,Neutral,Neutral,Agree,Agree,Agree,Agree,Disagree,Neutral,2,Neutral,Agree,3,,,96,Regular,FALSE,,3.4,3.8,2,3,2,2,1,2,3,2,2,6,4,3,3,12,4,3,3,12,4,3,4,16,4,3,5,20,2,3,5,10,3,2,6,18,97,0,2
9/17/2025 23:32,Yes,Yes,Public Higher Education Institutions,BSIT,"STEM (e.g.): Engineering, Computer Science, Nursing, Biology",2,2.01-2.50,Sometimes,3,Occasionally,2,Occasionally,3,Sometimes,3,Occasionally,3,Sometimes,3,Occasionally,4,Occasionally,4,Neutral,Neutral,Neutral,Neutral,Agree,Neutral,Neutral,Neutral,Disagree,Neutral,3,Neutral,Neutral,2,,,67,Regular,FALSE,,3.2,3.2,3,2,3,3,1,3,2,2,2,4,2,3,3,6,3,3,3,9,2,3,4,8,3,3,5,15,2,4,5,10,2,4,6,12,97,0,2
9/17/2025 23:33,Yes,Yes,Public Higher Education Institutions,BSIT,"Non-STEM (e.g.): Business Administration, Psychology, Communication, Education",2,2.01-2.50,Always,2,Often,4,Sometimes,3,Always,1,Always,5,Always,5,Often,5,Always,2,Strongly Agree,Agree,Agree,Agree,Neutral,Agree,Strongly Agree,Strongly Agree,Agree,Agree,4,Agree,Agree,4,,,132,Regular,FALSE,,3.6,4,4,4,5,2,1,5,4,4,2,8,3,3,3,9,5,1,3,15,5,5,4,20,5,5,5,25,4,5,5,20,5,2,6,30,97,1,1
9/17/2025 23:33,Yes,Yes,Public Higher Education Institutions,BSIT,"Non-STEM (e.g.): Business Administration, Psychology, Communication, Education",2,1.76-2.00,Always,3,Always,3,Always,3,Always,3,Always,3,Always,3,Always,3,Often,3,Neutral,Neutral,Neutral,Neutral,Neutral,Neutral,Neutral,Neutral,Neutral,Neutral,3,Neutral,Neutral,3,,,139,Regular,FALSE,,3,3,3,3,5,3,1,5,5,3,2,10,5,3,3,15,5,3,3,15,5,3,4,20,5,3,5,25,5,3,5,25,4,3,6,24,97,1,1
9/17/2025 23:34,Yes,Yes,Public Higher Education Institutions,Bachelor of science in information technology,"STEM (e.g.): Engineering, Computer Science, Nursing, Biology",2,2.51-3.00,Sometimes,2,Occasionally,2,Often,2,Often,3,Occasionally,2,Sometimes,2,Occasionally,2,Occasionally,2,Agree,Agree,Disagree,Disagree,Agree,Agree,Agree,Agree,Disagree,Neutral,3,Agree,Agree,3,,,76,Regular,FALSE,,3.6,3.8,3,3,3,2,1,3,2,2,2,4,4,2,3,12,4,3,3,12,2,2,4,8,3,2,5,15,2,2,5,10,2,2,6,12,97,0,2
9/17/2025 23:35,Yes,Yes,Public Higher Education Institutions,BSIT,"Non-STEM (e.g.): Business Administration, Psychology, Communication, Education",2,1.51-1.75,Sometimes,3,Sometimes,3,Often,3,Occasionally,2,Occasionally,2,Often,4,Often,4,Sometimes,3,Neutral,Neutral,Agree,Neutral,Neutral,Agree,Agree,Agree,Neutral,Neutral,3,Neutral,Neutral,5,,,93,Regular,FALSE,,3.2,3.6,3,5,3,3,1,3,3,3,2,6,4,3,3,12,2,2,3,6,2,2,4,8,4,4,5,20,4,4,5,20,3,3,6,18,97,0,2
9/17/2025 23:35,Yes,Yes,Public Higher Education Institutions,bsit,"Non-STEM (e.g.): Business Administration, Psychology, Communication, Education",2,2.01-2.50,Sometimes,3,Sometimes,3,Sometimes,3,Sometimes,3,Sometimes,3,Sometimes,3,Sometimes,3,Sometimes,3,Agree,Agree,Agree,Agree,Agree,Agree,Agree,Agree,Agree,Agree,3,Agree,Agree,3,,,87,Regular,FALSE,,3.6,3.6,3,3,3,3,1,3,3,3,2,6,3,3,3,9,3,3,3,9,3,3,4,12,3,3,5,15,3,3,5,15,3,3,6,18,97,0,2
9/17/2025 23:35,Yes,Yes,Public Higher Education Institutions,BSIT,"STEM (e.g.): Engineering, Computer Science, Nursing, Biology",2,1.51-1.75,Sometimes,1,Occasionally,2,Often,3,Occasionally,1,Sometimes,3,Sometimes,3,Occasionally,2,Sometimes,3,Neutral,Strongly Agree,Neutral,Agree,Agree,Agree,Agree,Strongly Agree,Disagree,Neutral,4,Neutral,Neutral,5,,,80,Regular,FALSE,,3.4,4,4,5,3,1,1,3,2,2,2,4,4,3,3,12,2,1,3,6,3,3,4,12,3,3,5,15,2,2,5,10,3,3,6,18,97,0,2
9/17/2025 23:36,Yes,Yes,Public Higher Education Institutions,BSIT,"STEM (e.g.): Engineering, Computer Science, Nursing, Biology",2,2.51-3.00,Often,3,Sometimes,1,Often,2,Often,2,Sometimes,3,Sometimes,3,Often,3,Sometimes,3,Neutral,Neutral,Agree,Neutral,Neutral,Agree,Agree,Agree,Disagree,Neutral,3,Neutral,Agree,4,,,99,Regular,FALSE,,3.2,3.8,3,4,4,3,1,4,3,1,2,6,4,2,3,12,4,2,3,12,3,3,4,12,3,3,5,15,4,3,5,20,3,3,6,18,97,1,2
9/17/2025 23:36,Yes,Yes,Public Higher Education Institutions,BSIT,"STEM (e.g.): Engineering, Computer Science, Nursing, Biology",2,2.01-2.50,Sometimes,2,Sometimes,3,Sometimes,3,Sometimes,3,Sometimes,3,Sometimes,3,Sometimes,3,Sometimes,3,Agree,Strongly Agree,Strongly Agree,Neutral,Agree,Agree,Agree,Agree,Disagree,Strongly Agree,3,Agree,Agree,4,,,87,Regular,FALSE,,4.2,4.2,3,4,3,2,1,3,3,3,2,6,3,3,3,9,3,3,3,9,3,3,4,12,3,3,5,15,3,3,5,15,3,3,6,18,97,0,1
9/17/2025 23:38,Yes,Yes,Public Higher Education Institutions,IT,"STEM (e.g.): Engineering, Computer Science, Nursing, Biology",2,2.51-3.00,Often,4,Sometimes,4,Sometimes,4,Often,3,Sometimes,3,Sometimes,3,Sometimes,4,Often,3,Neutral,Neutral,Neutral,Neutral,Neutral,Neutral,Neutral,Neutral,Neutral,Neutral,3,Neutral,Neutral,4,,,97,Regular,FALSE,,3,3,3,4,4,4,1,4,3,4,2,6,3,4,3,9,4,3,3,12,3,3,4,12,3,3,5,15,3,4,5,15,4,3,6,24,97,1,0
9/17/2025 23:38,Yes,Yes,Public Higher Education Institutions,BSIT,"STEM (e.g.): Engineering, Computer Science, Nursing, Biology",2,1.51-1.75,Sometimes,3,Sometimes,4,Often,4,Sometimes,4,Sometimes,2,Sometimes,3,Sometimes,3,Sometimes,3,Agree,Neutral,Agree,Disagree,Neutral,Agree,Strongly Agree,Neutral,Disagree,Neutral,3,Neutral,Agree,4,,,90,Regular,FALSE,,3.6,3.8,3,4,3,3,1,3,3,4,2,6,4,4,3,12,3,4,3,9,3,2,4,12,3,3,5,15,3,3,5,15,3,3,6,18,97,0,2
9/17/2025 23:38,Yes,Yes,Public Higher Education Institutions,IT,"STEM (e.g.): Engineering, Computer Science, Nursing, Biology",2,1.26-1.50,Often,3,Sometimes,3,Sometimes,3,Sometimes,3,Sometimes,3,Sometimes,3,Sometimes,4,Sometimes,3,Agree,Neutral,Agree,Agree,Agree,Agree,Disagree,Agree,Neutral,Agree,3,Agree,Neutral,4,,,88,Regular,FALSE,,3.4,3.4,3,4,4,3,1,4,3,3,2,6,3,3,3,9,3,3,3,9,3,3,4,12,3,3,5,15,3,4,5,15,3,3,6,18,97,0,2
9/17/2025 23:39,Yes,Yes,Public Higher Education Institutions,BSIT,"STEM (e.g.): Engineering, Computer Science, Nursing, Biology",2,1.26-1.50,Sometimes,4,Sometimes,4,Sometimes,4,Sometimes,4,Sometimes,4,Sometimes,4,Sometimes,4,Sometimes,4,Neutral,Neutral,Neutral,Neutral,Neutral,Neutral,Neutral,Neutral,Neutral,Neutral,3,Neutral,Neutral,3,,,87,Regular,FALSE,,3,3,3,3,3,4,1,3,3,4,2,6,3,4,3,9,3,4,3,9,3,4,4,12,3,4,5,15,3,4,5,15,3,4,6,18,97,0,0
9/17/2025 23:39,Yes,Yes,Public Higher Education Institutions,BSIT,"Non-STEM (e.g.): Business Administration, Psychology, Communication, Education",2,2.51-3.00,Often,2,Occasionally,2,Often,3,Occasionally,4,Often,1,Occasionally,1,Often,3,Occasionally,4,Neutral,Agree,Neutral,Disagree,Neutral,Agree,Neutral,Disagree,Neutral,Strongly Agree,4,Neutral,Agree,3,,,84,Strategic,FALSE,,3.4,3.4,4,3,4,2,1,4,2,2,2,4,4,3,3,12,2,4,3,6,4,1,4,16,2,1,5,10,4,3,5,20,2,4,6,12,97,0,2
9/17/2025 23:39,Yes,Yes,Public Higher Education Institutions,BSIT,"Non-STEM (e.g.): Business Administration, Psychology, Communication, Education",2,1.00-1.25,Often,2,Occasionally,3,Occasionally,2,Occasionally,2,Occasionally,2,Occasionally,2,Occasionally,2,Occasionally,2,Neutral,Neutral,Neutral,Neutral,Neutral,Neutral,Neutral,Neutral,Neutral,Neutral,3,Neutral,Neutral,3,,,60,Regular,FALSE,,3,3,3,3,4,2,1,4,2,3,2,4,2,2,3,6,2,2,3,6,2,2,4,8,2,2,5,10,2,2,5,10,2,2,6,12,97,0,0
9/17/2025 23:40,Yes,Yes,Public Higher Education Institutions,BSIT,"Non-STEM (e.g.): Business Administration, Psychology, Communication, Education",2,1.51-1.75,Never,3,Sometimes,3,Occasionally,3,Occasionally,3,Sometimes,3,Occasionally,3,Occasionally,3,Occasionally,3,Agree,Agree,Agree,Strongly Agree,Agree,Agree,Agree,Agree,Neutral,Agree,2,Agree,Agree,1,,,63,Regular,FALSE,,3.4,3.8,2,1,1,3,1,1,3,3,2,6,2,3,3,6,2,3,3,6,3,3,4,12,2,3,5,10,2,3,5,10,2,3,6,12,97,0,2
9/17/2025 23:40,Yes,Yes,Public Higher Education Institutions,Bachelor in Science in Information Technology ,"STEM (e.g.): Engineering, Computer Science, Nursing, Biology",2,2.51-3.00,Occasionally,3,Occasionally,4,Often,3,Occasionally,3,Occasionally,2,Sometimes,3,Often,4,Often,4,Neutral,Strongly Agree,Agree,Neutral,Neutral,Agree,Neutral,Agree,Neutral,Disagree,4,Agree,Agree,4,,,91,Regular,FALSE,,3.6,3.2,4,4,2,3,1,2,2,4,2,4,4,3,3,12,2,3,3,6,2,2,4,8,3,3,5,15,4,4,5,20,4,4,6,24,97,0,2
9/17/2025 23:42,Yes,Yes,Public Higher Education Institutions,BACHELOR OF SCIENCE INFORMATION SYSTEM ,"Non-STEM (e.g.): Business Administration, Psychology, Communication, Education",2,2.01-2.50,Sometimes,1,Sometimes,2,Sometimes,2,Sometimes,2,Sometimes,3,Sometimes,2,Sometimes,4,Sometimes,3,Neutral,Neutral,Neutral,Neutral,Neutral,Neutral,Neutral,Neutral,Neutral,Neutral,3,Neutral,Agree,3,,,87,Regular,FALSE,,3,3,3,3,3,1,1,3,3,2,2,6,3,2,3,9,3,2,3,9,3,3,4,12,3,2,5,15,3,4,5,15,3,3,6,18,97,0,0
9/17/2025 23:42,Yes,Yes,Public Higher Education Institutions,BSIT,"STEM (e.g.): Engineering, Computer Science, Nursing, Biology",2,2.01-2.50,Sometimes,4,Sometimes,2,Sometimes,3,Sometimes,3,Sometimes,3,Never,3,Sometimes,3,Sometimes,3,Neutral,Neutral,Neutral,Neutral,Neutral,Neutral,Neutral,Neutral,Neutral,Neutral,2,Neutral,Neutral,2,,,77,Regular,FALSE,,3,3,2,2,3,4,1,3,3,2,2,6,3,3,3,9,3,3,3,9,3,3,4,12,1,3,5,5,3,3,5,15,3,3,6,18,97,0,0
9/17/2025 23:42,Yes,Yes,Public Higher Education Institutions,BSIT,"Non-STEM (e.g.): Business Administration, Psychology, Communication, Education",2,2.01-2.50,Often,3,Sometimes,2,Sometimes,3,Sometimes,3,Often,3,Sometimes,2,Sometimes,4,Occasionally,2,Neutral,Agree,Neutral,Neutral,Agree,Neutral,Neutral,Agree,Neutral,Agree,3,Neutral,Agree,4,,,86,Regular,FALSE,,3.4,3.4,3,4,4,3,1,4,3,2,2,6,3,3,3,9,3,3,3,9,4,3,4,16,3,2,5,15,3,4,5,15,2,2,6,12,97,0,2
9/17/2025 23:43,Yes,Yes,Public Higher Education Institutions,BSIT,"STEM (e.g.): Engineering, Computer Science, Nursing, Biology",2,1.51-1.75,Often,4,Often,3,Often,4,Sometimes,4,Often,4,Often,4,Often,4,Often,4,Agree,Agree,Neutral,Neutral,Disagree,Agree,Agree,Agree,Disagree,Agree,4,Agree,Agree,4,,,113,Regular,FALSE,,3.2,4,4,4,4,4,1,4,4,3,2,8,4,4,3,12,3,4,3,9,4,4,4,16,4,4,5,20,4,4,5,20,4,4,6,24,97,1,1
9/17/2025 23:43,Yes,Yes,Public Higher Education Institutions,BSIT,"STEM (e.g.): Engineering, Computer Science, Nursing, Biology",2,2.01-2.50,Often,4,Sometimes,4,Always,1,Often,4,Occasionally,4,Sometimes,4,Often,4,Often,4,Strongly Agree,Strongly Agree,Strongly Agree,Strongly Disagree,Strongly Agree,Strongly Agree,Strongly Agree,Agree,Strongly Disagree,Strongly Agree,5,Strongly Agree,Strongly Agree,3,,,104,Strategic,FALSE,,5,4.8,5,3,4,4,1,4,3,4,2,6,5,1,3,15,4,4,3,12,2,4,4,8,3,4,5,15,4,4,5,20,4,4,6,24,97,1,1
9/17/2025 23:43,Yes,Yes,Public Higher Education Institutions,INFORMATION TECHNOLOGY,"STEM (e.g.): Engineering, Computer Science, Nursing, Biology",2,1.76-2.00,Often,2,Sometimes,2,Occasionally,2,Often,3,Occasionally,2,Sometimes,3,Often,4,Sometimes,4,Neutral,Neutral,Neutral,Agree,Agree,Strongly Agree,Strongly Agree,Strongly Agree,Neutral,Neutral,3,Neutral,Agree,3,,,89,Regular,FALSE,,3,4.2,3,3,4,2,1,4,3,2,2,6,2,2,3,6,4,3,3,12,2,2,4,8,3,3,5,15,4,4,5,20,3,4,6,18,97,0,2
9/17/2025 23:44,Yes,Yes,Public Higher Education Institutions,Bachelor of Science in Information Technology ,"STEM (e.g.): Engineering, Computer Science, Nursing, Biology",2,1.76-2.00,Occasionally,1,Sometimes,2,Occasionally,3,Sometimes,3,Occasionally,2,Sometimes,3,Sometimes,3,Occasionally,2,Neutral,Neutral,Disagree,Neutral,Agree,Agree,Agree,Agree,Neutral,Agree,3,Neutral,Agree,4,,,73,Regular,FALSE,,3,3.8,3,4,2,1,1,2,3,2,2,6,2,3,3,6,3,3,3,9,2,2,4,8,3,3,5,15,3,3,5,15,2,2,6,12,97,0,2
9/17/2025 23:45,Yes,Yes,Public Higher Education Institutions,Bachelor of Science information technology ,"STEM (e.g.): Engineering, Computer Science, Nursing, Biology",2,2.01-2.50,Sometimes,3,Sometimes,2,Sometimes,2,Often,2,Sometimes,2,Sometimes,2,Sometimes,4,Sometimes,3,Neutral,Neutral,Neutral,Neutral,Neutral,Agree,Agree,Agree,Neutral,Agree,3,Neutral,Neutral,4,,,90,Regular,FALSE,,3,3.8,3,4,3,3,1,3,3,2,2,6,3,2,3,9,4,2,3,12,3,2,4,12,3,2,5,15,3,4,5,15,3,3,6,18,97,0,2
9/17/2025 23:46,Yes,Yes,Public Higher Education Institutions,Information Technology,"STEM (e.g.): Engineering, Computer Science, Nursing, Biology",2,2.51-3.00,Sometimes,3,Often,2,Sometimes,1,Occasionally,2,Sometimes,3,Occasionally,3,Often,3,Occasionally,2,Neutral,Agree,Neutral,Agree,Disagree,Neutral,Agree,Neutral,Agree,Disagree,3,Agree,Disagree,2,,,80,Regular,FALSE,,2.8,2.8,3,2,3,3,1,3,4,2,2,8,3,1,3,9,2,2,3,6,3,3,4,12,2,3,5,10,4,3,5,20,2,2,6,12,97,0,0
9/17/2025 23:47,Yes,Yes,Public Higher Education Institutions,BSIT,"STEM (e.g.): Engineering, Computer Science, Nursing, Biology",5+,1.76-2.00,Sometimes,3,Sometimes,2,Occasionally,2,Sometimes,2,Often,3,Often,4,Occasionally,2,Sometimes,2,Neutral,Agree,Agree,Agree,Agree,Agree,Agree,Neutral,Disagree,Neutral,3,Agree,Agree,4,,,88,Regular,FALSE,,3.4,3.6,3,4,3,3,1,3,3,2,2,6,2,2,3,6,3,2,3,9,4,3,4,16,4,4,5,20,2,2,5,10,3,2,6,18,97,0,2
9/17/2025 23:47,Yes,Yes,Public Higher Education Institutions,Bachelor of Science in Information Technology ,"STEM (e.g.): Engineering, Computer Science, Nursing, Biology",4,2.01-2.50,Often,3,Often,3,Always,5,Always,5,Sometimes,2,Sometimes,3,Sometimes,3,Sometimes,3,Agree,Agree,Strongly Agree,Neutral,Neutral,Agree,Agree,Strongly Agree,Disagree,Agree,4,Agree,Agree,5,,,102,Regular,FALSE,,3.8,4.2,4,5,4,3,1,4,4,3,2,8,5,5,3,15,5,5,3,15,3,2,4,12,3,3,5,15,3,3,5,15,3,3,6,18,97,1,1
9/17/2025 23:48,Yes,Yes,Public Higher Education Institutions,BSIT,"STEM (e.g.): Engineering, Computer Science, Nursing, Biology",2,2.51-3.00,Often,2,Often,2,Always,3,Often,2,Always,3,Often,3,Always,3,Always,3,Agree,Agree,Neutral,Neutral,Agree,Agree,Agree,Agree,Neutral,Neutral,4,Neutral,Agree,3,,,134,Regular,FALSE,,3.6,3.6,4,3,4,2,1,4,4,2,2,8,5,3,3,15,4,2,3,12,5,3,4,20,4,3,5,20,5,3,5,25,5,3,6,30,97,1,1
9/17/2025 23:48,Yes,Yes,Public Higher Education Institutions,INFORMATION TECHNOLOGY ,"STEM (e.g.): Engineering, Computer Science, Nursing, Biology",2,2.51-3.00,Sometimes,3,Often,4,Often,3,Always,4,Often,2,Sometimes,4,Always,3,Often,4,Strongly Agree,Agree,Agree,Agree,Agree,Agree,Agree,Agree,Agree,Agree,3,Agree,Agree,3,,,118,Regular,FALSE,,3.8,3.6,3,3,3,3,1,3,4,4,2,8,4,3,3,12,5,4,3,15,4,2,4,16,3,4,5,15,5,3,5,25,4,4,6,24,97,1,1
9/17/2025 23:49,Yes,Yes,Public Higher Education Institutions,Information and Technology ,"STEM (e.g.): Engineering, Computer Science, Nursing, Biology",2,2.51-3.00,Sometimes,1,Never,1,Sometimes,1,Occasionally,1,Occasionally,1,Sometimes,1,Sometimes,2,Sometimes,2,Neutral,Neutral,Neutral,Disagree,Neutral,Neutral,Agree,Agree,Strongly Disagree,Agree,3,Neutral,Agree,3,,,76,Regular,FALSE,,3.2,4,3,3,3,1,1,3,1,1,2,2,3,1,3,9,2,1,3,6,2,1,4,8,3,1,5,15,3,2,5,15,3,2,6,18,97,0,2
9/17/2025 23:51,Yes,Yes,Public Higher Education Institutions,BSIT,"Non-STEM (e.g.): Business Administration, Psychology, Communication, Education",2,2.51-3.00,Sometimes,1,Occasionally,2,Sometimes,1,Often,2,Sometimes,3,Often,3,Always,4,Often,4,Agree,Agree,Neutral,Agree,Agree,Agree,Strongly Agree,Strongly Agree,Neutral,Neutral,3,Neutral,Agree,4,,,109,Regular,FALSE,,3.4,4,3,4,3,1,1,3,2,2,2,4,3,1,3,9,4,2,3,12,3,3,4,12,4,3,5,20,5,4,5,25,4,4,6,24,97,1,1
9/17/2025 23:54,Yes,Yes,Public Higher Education Institutions,BSIT,"STEM (e.g.): Engineering, Computer Science, Nursing, Biology",2,2.01-2.50,Sometimes,3,Sometimes,4,Sometimes,2,Sometimes,3,Sometimes,3,Sometimes,3,Often,3,Sometimes,3,Neutral,Neutral,Disagree,Disagree,Agree,Agree,Agree,Agree,Disagree,Neutral,3,Neutral,Agree,4,,,92,Regular,FALSE,,3.2,3.8,3,4,3,3,1,3,3,4,2,6,3,2,3,9,3,3,3,9,3,3,4,12,3,3,5,15,4,3,5,20,3,3,6,18,97,0,2
9/17/2025 23:57,Yes,Yes,Public Higher Education Institutions,BSIT,"STEM (e.g.): Engineering, Computer Science, Nursing, Biology",2,3.01-5.00,Sometimes,3,Sometimes,3,Sometimes,4,Occasionally,3,Often,3,Sometimes,3,Sometimes,3,Occasionally,4,Strongly Agree,Strongly Agree,Strongly Agree,Neutral,Neutral,Strongly Agree,Strongly Agree,Neutral,Disagree,Strongly Agree,4,Neutral,Neutral,3,,,82,Regular,FALSE,,4.2,4.4,4,3,3,3,1,3,3,3,2,6,3,4,3,9,2,3,3,6,4,3,4,16,3,3,5,15,3,3,5,15,2,4,6,12,97,0,1
9/17/2025 23:58,Yes,Yes,Public Higher Education Institutions,IT,"STEM (e.g.): Engineering, Computer Science, Nursing, Biology",2,2.51-3.00,Sometimes,3,Occasionally,2,Often,2,Never,2,Never,1,Sometimes,3,Occasionally,2,Occasionally,3,Neutral,Agree,Neutral,Agree,Agree,Agree,Neutral,Agree,Neutral,Agree,3,Neutral,Disagree,4,,,63,Regular,FALSE,,3.2,3.6,3,4,3,3,1,3,2,2,2,4,4,2,3,12,1,2,3,3,1,1,4,4,3,3,5,15,2,2,5,10,2,3,6,12,97,0,2
9/18/2025 0:00,Yes,Yes,Public Higher Education Institutions,Bachelor of Science Information Technology ,"STEM (e.g.): Engineering, Computer Science, Nursing, Biology",2,2.51-3.00,Sometimes,3,Occasionally,3,Occasionally,3,Occasionally,3,Sometimes,3,Occasionally,3,Occasionally,3,Occasionally,3,Neutral,Agree,Neutral,Strongly Disagree,Neutral,Neutral,Neutral,Agree,Strongly Disagree,Agree,3,Agree,Agree,3,,,63,Regular,FALSE,,3.6,3.8,3,3,3,3,1,3,2,3,2,4,2,3,3,6,2,3,3,6,3,3,4,12,2,3,5,10,2,3,5,10,2,3,6,12,97,0,2
9/18/2025 0:04,Yes,Yes,Public Higher Education Institutions,Information Technology,"STEM (e.g.): Engineering, Computer Science, Nursing, Biology",2,1.76-2.00,Sometimes,3,Occasionally,3,Occasionally,3,Occasionally,2,Occasionally,3,Occasionally,3,Sometimes,3,Occasionally,2,Neutral,Neutral,Neutral,Neutral,Neutral,Neutral,Agree,Agree,Agree,Disagree,3,Neutral,Neutral,3,,,64,Regular,FALSE,,3,3,3,3,3,3,1,3,2,3,2,4,2,3,3,6,2,2,3,6,2,3,4,8,2,3,5,10,3,3,5,15,2,2,6,12,97,0,0
9/18/2025 0:08,Yes,Yes,Public Higher Education Institutions,CCS,"STEM (e.g.): Engineering, Computer Science, Nursing, Biology",2,2.01-2.50,Always,4,Often,2,Often,3,Always,2,Sometimes,2,Sometimes,4,Sometimes,4,Sometimes,3,Neutral,Neutral,Neutral,Agree,Neutral,Agree,Agree,Agree,Neutral,Neutral,4,Neutral,Agree,3,,,100,Regular,FALSE,,2.8,3.6,4,3,5,4,1,5,4,2,2,8,4,3,3,12,5,2,3,15,3,2,4,12,3,4,5,15,3,4,5,15,3,3,6,18,97,1,2
9/18/2025 0:49,Yes,Yes,Public Higher Education Institutions,Civil Engineering,"STEM (e.g.): Engineering, Computer Science, Nursing, Biology",1,1.00-1.25,Occasionally,2,Never,2,Never,2,Sometimes,3,Never,2,Never,1,Sometimes,3,Never,2,Disagree,Neutral,Disagree,Neutral,Neutral,Neutral,Neutral,Neutral,Agree,Disagree,2,Neutral,Neutral,2,,,46,Regular,FALSE,,2.6,2.6,2,2,2,2,1,2,1,2,2,2,1,2,3,3,3,3,3,9,1,2,4,4,1,1,5,5,3,3,5,15,1,2,6,6,97,0,0
9/18/2025 1:01,Yes,Yes,Public Higher Education Institutions,BSIT27,"Non-STEM (e.g.): Business Administration, Psychology, Communication, Education",2,2.01-2.50,Often,3,Always,3,Often,3,Sometimes,3,Sometimes,2,Sometimes,4,Always,3,Sometimes,3,Agree,Neutral,Neutral,Neutral,Agree,Agree,Agree,Agree,Neutral,Neutral,2,Neutral,Neutral,3,,,105,Regular,FALSE,,3.4,3.6,2,3,4,3,1,4,5,3,2,10,4,3,3,12,3,3,3,9,3,2,4,12,3,4,5,15,5,3,5,25,3,3,6,18,97,1,1
9/18/2025 1:18,Yes,Yes,Public Higher Education Institutions,Bachelor of Science in Information Technology,"Non-STEM (e.g.): Business Administration, Psychology, Communication, Education",2,1.76-2.00,Often,5,Often,5,Often,5,Often,4,Often,4,Often,4,Often,4,Often,4,Neutral,Neutral,Neutral,Neutral,Neutral,Neutral,Neutral,Neutral,Neutral,Neutral,3,Neutral,Neutral,3,,,116,Regular,FALSE,,3,3,3,3,4,5,1,4,4,5,2,8,4,5,3,12,4,4,3,12,4,4,4,16,4,4,5,20,4,4,5,20,4,4,6,24,97,1,2
9/18/2025 1:20,Yes,Yes,Public Higher Education Institutions,Bachelor of Science in Information Technology,"STEM (e.g.): Engineering, Computer Science, Nursing, Biology",2,2.01-2.50,Always,2,Often,2,Always,3,Sometimes,2,Always,4,Sometimes,4,Always,4,Often,3,Agree,Neutral,Strongly Agree,Neutral,Agree,Strongly Agree,Strongly Agree,Strongly Agree,Disagree,Strongly Agree,5,Agree,Strongly Agree,4,,,121,Regular,FALSE,,3.8,4.8,5,4,5,2,1,5,4,2,2,8,5,3,3,15,3,2,3,9,5,4,4,20,3,4,5,15,5,4,5,25,4,3,6,24,97,1,1
9/18/2025 1:28,Yes,Yes,Public Higher Education Institutions,Information Technology ,"Non-STEM (e.g.): Business Administration, Psychology, Communication, Education",5+,2.01-2.50,Occasionally,2,Occasionally,2,Sometimes,3,Occasionally,2,Occasionally,2,Occasionally,2,Often,4,Often,4,Disagree,Neutral,Disagree,Agree,Agree,Agree,Agree,Neutral,Disagree,Neutral,3,Neutral,Agree,2,,,83,Regular,FALSE,,2.6,3.6,3,2,2,2,1,2,2,2,2,4,3,3,3,9,2,2,3,6,2,2,4,8,2,2,5,10,4,4,5,20,4,4,6,24,97,0,2
9/18/2025 1:31,Yes,Yes,Public Higher Education Institutions,BSIT,"Non-STEM (e.g.): Business Administration, Psychology, Communication, Education",2,2.01-2.50,Sometimes,3,Never,2,Occasionally,2,Occasionally,2,Sometimes,2,Sometimes,3,Sometimes,3,Sometimes,3,Agree,Agree,Neutral,Neutral,Agree,Agree,Agree,Disagree,Disagree,Agree,3,Neutral,Agree,4,,,77,Regular,FALSE,,3.6,3.6,3,4,3,3,1,3,1,2,2,2,2,2,3,6,2,2,3,6,3,2,4,12,3,3,5,15,3,3,5,15,3,3,6,18,97,0,2
9/18/2025 1:34,Yes,Yes,Public Higher Education Institutions,Bachelor of Science in Information Technology,"STEM (e.g.): Engineering, Computer Science, Nursing, Biology",2,2.01-2.50,Sometimes,2,Occasionally,3,Sometimes,3,Sometimes,3,Never,2,Never,2,Often,3,Often,3,Neutral,Agree,Neutral,Agree,Neutral,Neutral,Agree,Agree,Disagree,Agree,3,Neutral,Agree,2,,,78,Regular,FALSE,,3,3.8,3,2,3,2,1,3,2,3,2,4,3,3,3,9,3,3,3,9,1,2,4,4,1,2,5,5,4,3,5,20,4,3,6,24,97,0,2
9/18/2025 1:36,Yes,Yes,Public Higher Education Institutions,IT,"STEM (e.g.): Engineering, Computer Science, Nursing, Biology",2,1.76-2.00,Often,3,Always,3,Often,3,Always,3,Sometimes,3,Often,3,Often,3,Often,3,Neutral,Neutral,Neutral,Neutral,Neutral,Agree,Neutral,Agree,Agree,Neutral,3,Neutral,Agree,2,,,117,Regular,FALSE,,3,3.2,3,2,4,3,1,4,5,3,2,10,4,3,3,12,5,3,3,15,3,3,4,12,4,3,5,20,4,3,5,20,4,3,6,24,97,1,2
9/18/2025 1:38,Yes,Yes,Public Higher Education Institutions,BSIT,"STEM (e.g.): Engineering, Computer Science, Nursing, Biology",2,2.01-2.50,Occasionally,2,Occasionally,4,Never,2,Never,2,Occasionally,3,Sometimes,2,Never,2,Occasionally,3,Neutral,Neutral,Neutral,Neutral,Neutral,Agree,Agree,Agree,Disagree,Disagree,3,Neutral,Neutral,2,,,52,Regular,FALSE,,3,3.6,3,2,2,2,1,2,2,4,2,4,1,2,3,3,1,2,3,3,2,3,4,8,3,2,5,15,1,2,5,5,2,3,6,12,97,0,2
9/18/2025 1:57,Yes,Yes,Public Higher Education Institutions,BSIT,"STEM (e.g.): Engineering, Computer Science, Nursing, Biology",2,1.76-2.00,Sometimes,3,Often,3,Often,3,Sometimes,3,Sometimes,3,Occasionally,3,Sometimes,3,Sometimes,3,Neutral,Neutral,Neutral,Neutral,Neutral,Neutral,Neutral,Neutral,Neutral,Neutral,3,Neutral,Neutral,3,,,87,Regular,FALSE,,3,3,3,3,3,3,1,3,4,3,2,8,4,3,3,12,3,3,3,9,3,3,4,12,2,3,5,10,3,3,5,15,3,3,6,18,97,0,0
9/18/2025 2:44,Yes,Yes,Public Higher Education Institutions,BSIT,"STEM (e.g.): Engineering, Computer Science, Nursing, Biology",2,2.01-2.50,Sometimes,2,Sometimes,3,Sometimes,3,Occasionally,2,Sometimes,3,Sometimes,3,Sometimes,3,Occasionally,2,Agree,Neutral,Neutral,Disagree,Neutral,Agree,Agree,Agree,Disagree,Agree,4,Agree,Agree,4,,,78,Regular,FALSE,,3.4,4,4,4,3,2,1,3,3,3,2,6,3,3,3,9,2,2,3,6,3,3,4,12,3,3,5,15,3,3,5,15,2,2,6,12,97,0,2
9/18/2025 3:13,Yes,Yes,Public Higher Education Institutions,BSIT,"STEM (e.g.): Engineering, Computer Science, Nursing, Biology",2,2.51-3.00,Often,4,Often,3,Always,3,Occasionally,2,Often,2,Often,3,Often,3,Often,3,Agree,Neutral,Disagree,Neutral,Agree,Agree,Neutral,Strongly Agree,Strongly Disagree,Strongly Agree,3,Neutral,Strongly Agree,4,,,113,Regular,FALSE,,3.2,4.4,3,4,4,4,1,4,4,3,2,8,5,3,3,15,2,2,3,6,4,2,4,16,4,3,5,20,4,3,5,20,4,3,6,24,97,1,1
9/18/2025 3:23,Yes,Yes,Public Higher Education Institutions,BSIT,"STEM (e.g.): Engineering, Computer Science, Nursing, Biology",2,1.76-2.00,Occasionally,2,Never,1,Often,3,Never,1,Sometimes,3,Never,1,Often,4,Occasionally,2,Neutral,Disagree,Agree,Agree,Disagree,Agree,Agree,Agree,Disagree,Agree,3,Neutral,Neutral,3,,,68,Regular,FALSE,,2.6,4,3,3,2,2,1,2,1,1,2,2,4,3,3,12,1,1,3,3,3,3,4,12,1,1,5,5,4,4,5,20,2,2,6,12,97,0,2
9/18/2025 3:53,Yes,Yes,Public Higher Education Institutions,Bachelor of Science in Information Technology ,"Non-STEM (e.g.): Business Administration, Psychology, Communication, Education",2,1.76-2.00,Sometimes,3,Sometimes,4,Occasionally,2,Always,4,Often,3,Sometimes,2,Never,4,Occasionally,3,Neutral,Agree,Neutral,Strongly Agree,Agree,Agree,Neutral,Neutral,Strongly Agree,Neutral,3,Agree,Neutral,2,,,78,Regular,FALSE,,3,2.8,3,2,3,3,1,3,3,4,2,6,2,2,3,6,5,4,3,15,4,3,4,16,3,2,5,15,1,4,5,5,2,3,6,12,97,0,0
9/18/2025 4:04,Yes,Yes,Public Higher Education Institutions,BSIT,"STEM (e.g.): Engineering, Computer Science, Nursing, Biology",2,1.26-1.50,Sometimes,3,Sometimes,3,Sometimes,3,Sometimes,3,Sometimes,3,Sometimes,3,Sometimes,3,Sometimes,3,Agree,Agree,Agree,Agree,Agree,Agree,Agree,Agree,Agree,Agree,3,Agree,Agree,3,,,87,Regular,FALSE,,3.6,3.6,3,3,3,3,1,3,3,3,2,6,3,3,3,9,3,3,3,9,3,3,4,12,3,3,5,15,3,3,5,15,3,3,6,18,97,0,2
9/18/2025 4:04,Yes,Yes,Public Higher Education Institutions,BSIT,"STEM (e.g.): Engineering, Computer Science, Nursing, Biology",2,1.76-2.00,Never,2,Never,2,Never,1,Never,1,Never,1,Never,1,Never,1,Never,2,Disagree,Neutral,Strongly Disagree,Strongly Disagree,Neutral,Agree,Strongly Disagree,Neutral,Disagree,Disagree,3,Neutral,Neutral,2,,,29,Regular,FALSE,,2.8,2.8,3,2,1,2,1,1,1,2,2,2,1,1,3,3,1,1,3,3,1,1,4,4,1,1,5,5,1,1,5,5,1,2,6,6,97,0,0
9/18/2025 4:15,Yes,Yes,Public Higher Education Institutions,INFORMATION TECHNOLOGY ,"STEM (e.g.): Engineering, Computer Science, Nursing, Biology",2,1.76-2.00,Sometimes,4,Often,4,Never,2,Never,2,Occasionally,2,Sometimes,3,Sometimes,3,Sometimes,3,Neutral,Neutral,Disagree,Neutral,Neutral,Agree,Neutral,Agree,Neutral,Agree,3,Agree,Agree,3,,,73,Regular,FALSE,,2.8,3.6,3,3,3,4,1,3,4,4,2,8,1,2,3,3,1,2,3,3,2,2,4,8,3,3,5,15,3,3,5,15,3,3,6,18,97,0,2
9/18/2025 4:18,Yes,Yes,Public Higher Education Institutions,BSIT,"Non-STEM (e.g.): Business Administration, Psychology, Communication, Education",3,2.01-2.50,Always,3,Often,3,Often,3,Often,4,Sometimes,2,Often,4,Often,3,Sometimes,2,Agree,Agree,Neutral,Agree,Agree,Agree,Agree,Agree,Disagree,Agree,4,Neutral,Agree,3,,,107,Regular,FALSE,,3.4,4,4,3,5,3,1,5,4,3,2,8,4,3,3,12,4,4,3,12,3,2,4,12,4,4,5,20,4,3,5,20,3,2,6,18,97,1,1
9/18/2025 4:34,Yes,Yes,Public Higher Education Institutions,Bachelor of Science in Information Technology ,"STEM (e.g.): Engineering, Computer Science, Nursing, Biology",2,3.01-5.00,Often,3,Sometimes,4,Often,3,Sometimes,2,Often,3,Occasionally,2,Sometimes,3,Sometimes,4,Agree,Agree,Agree,Disagree,Neutral,Agree,Agree,Neutral,Disagree,Agree,3,Neutral,Agree,4,,,90,Regular,FALSE,,3.8,3.8,3,4,4,3,1,4,3,4,2,6,4,3,3,12,3,2,3,9,4,3,4,16,2,2,5,10,3,3,5,15,3,4,6,18,97,0,1
9/18/2025 4:50,Yes,Yes,Public Higher Education Institutions,BS I.T,"STEM (e.g.): Engineering, Computer Science, Nursing, Biology",2,2.51-3.00,Often,3,Often,3,Often,3,Sometimes,3,Often,3,Sometimes,3,Sometimes,3,Sometimes,3,Neutral,Neutral,Neutral,Agree,Neutral,Agree,Neutral,Neutral,Neutral,Neutral,4,Agree,Agree,3,,,97,Regular,FALSE,,2.8,3.2,4,3,4,3,1,4,4,3,2,8,4,3,3,12,3,3,3,9,4,3,4,16,3,3,5,15,3,3,5,15,3,3,6,18,97,1,0
9/18/2025 4:52,Yes,Yes,Public Higher Education Institutions,BSIT,"STEM (e.g.): Engineering, Computer Science, Nursing, Biology",2,1.76-2.00,Occasionally,2,Occasionally,3,Sometimes,2,Sometimes,4,Often,3,Occasionally,3,Often,4,Often,4,Strongly Agree,Agree,Agree,Neutral,Neutral,Agree,Strongly Agree,Agree,Disagree,Agree,4,Neutral,Agree,5,,,94,Regular,FALSE,,3.8,4.2,4,5,2,2,1,2,2,3,2,4,3,2,3,9,3,4,3,9,4,3,4,16,2,3,5,10,4,4,5,20,4,4,6,24,97,0,1
9/18/2025 5:11,Yes,Yes,Public Higher Education Institutions,BS-IT,"STEM (e.g.): Engineering, Computer Science, Nursing, Biology",2,1.76-2.00,Sometimes,2,Sometimes,2,Often,2,Never,2,Often,2,Occasionally,2,Occasionally,2,Occasionally,2,Neutral,Neutral,Neutral,Neutral,Neutral,Neutral,Agree,Agree,Neutral,Agree,2,Neutral,Neutral,2,,,72,Regular,FALSE,,3,3.6,2,2,3,2,1,3,3,2,2,6,4,2,3,12,1,2,3,3,4,2,4,16,2,2,5,10,2,2,5,10,2,2,6,12,97,0,2
9/18/2025 5:13,Yes,Yes,Public Higher Education Institutions,BSIT,"STEM (e.g.): Engineering, Computer Science, Nursing, Biology",2,2.51-3.00,Sometimes,2,Sometimes,2,Sometimes,2,Sometimes,2,Sometimes,3,Sometimes,2,Sometimes,2,Sometimes,2,Agree,Agree,Neutral,Neutral,Neutral,Neutral,Neutral,Neutral,Neutral,Neutral,2,Neutral,Neutral,2,,,87,Regular,FALSE,,3.4,3,2,2,3,2,1,3,3,2,2,6,3,2,3,9,3,2,3,9,3,3,4,12,3,2,5,15,3,2,5,15,3,2,6,18,97,0,2
9/18/2025 5:14,Yes,Yes,Public Higher Education Institutions,Bachelor in science of Information technology ,"STEM (e.g.): Engineering, Computer Science, Nursing, Biology",2,2.51-3.00,Sometimes,2,Sometimes,3,Often,3,Often,1,Occasionally,3,Often,2,Occasionally,3,Occasionally,3,Neutral,Disagree,Neutral,Disagree,Strongly Disagree,Agree,Agree,Neutral,Disagree,Neutral,5,Neutral,Agree,5,,,83,Regular,FALSE,,2.6,3.6,5,5,3,2,1,3,3,3,2,6,4,3,3,12,4,1,3,12,2,3,4,8,4,2,5,20,2,3,5,10,2,3,6,12,97,0,2
9/18/2025 5:14,Yes,Yes,Public Higher Education Institutions,BSIT,"STEM (e.g.): Engineering, Computer Science, Nursing, Biology",2,2.51-3.00,Sometimes,2,Sometimes,1,Always,3,Never,1,Sometimes,3,Occasionally,2,Always,3,Occasionally,3,Agree,Neutral,Agree,Neutral,Agree,Agree,Agree,Agree,Disagree,Strongly Agree,4,Strongly Agree,Strongly Agree,4,,,86,Regular,FALSE,,3.6,4.2,4,4,3,2,1,3,3,1,2,6,5,3,3,15,1,1,3,3,3,3,4,12,2,2,5,10,5,3,5,25,2,3,6,12,97,0,1
9/18/2025 5:20,Yes,Yes,Public Higher Education Institutions,BSIT,"STEM (e.g.): Engineering, Computer Science, Nursing, Biology",2,2.01-2.50,Always,3,Always,3,Always,3,Always,3,Always,2,Always,3,Always,3,Always,3,Agree,Agree,Agree,Agree,Agree,Agree,Agree,Agree,Disagree,Agree,4,Agree,Agree,4,,,145,Regular,FALSE,,3.6,4,4,4,5,3,1,5,5,3,2,10,5,3,3,15,5,3,3,15,5,2,4,20,5,3,5,25,5,3,5,25,5,3,6,30,97,1,1
9/18/2025 5:24,Yes,Yes,Private Higher Education Institutions,Bachelor of Science in Information Technology (BSIT),"STEM (e.g.): Engineering, Computer Science, Nursing, Biology",2,1.26-1.50,Sometimes,3,Often,4,Always,4,Sometimes,4,Often,3,Often,4,Often,4,Often,4,Neutral,Agree,Agree,Neutral,Agree,Agree,Neutral,Agree,Disagree,Agree,4,Neutral,Neutral,5,,,115,Regular,FALSE,,3.6,3.8,4,5,3,3,1,3,4,4,2,8,5,4,3,15,3,4,3,9,4,3,4,16,4,4,5,20,4,4,5,20,4,4,6,24,97,1,1
9/18/2025 5:27,Yes,Yes,Public Higher Education Institutions,Info Technology,"Non-STEM (e.g.): Business Administration, Psychology, Communication, Education",1,1.51-1.75,Often,3,Occasionally,3,Occasionally,2,Occasionally,4,Always,4,Often,3,Often,4,Sometimes,3,Agree,Agree,Neutral,Strongly Disagree,Agree,Agree,Agree,Agree,Neutral,Agree,4,Neutral,Agree,2,,,98,Regular,FALSE,,4,3.8,4,2,4,3,1,4,2,3,2,4,2,2,3,6,2,4,3,6,5,4,4,20,4,3,5,20,4,4,5,20,3,3,6,18,97,1,1
9/18/2025 5:29,Yes,Yes,Public Higher Education Institutions,BSIT,"STEM (e.g.): Engineering, Computer Science, Nursing, Biology",2,1.26-1.50,Occasionally,2,Sometimes,2,Often,4,Sometimes,2,Never,3,Sometimes,4,Occasionally,3,Occasionally,2,Agree,Agree,Neutral,Disagree,Strongly Agree,Agree,Agree,Agree,Neutral,Agree,3,Neutral,Agree,2,,,70,Regular,FALSE,,4,3.8,3,2,2,2,1,2,3,2,2,6,4,4,3,12,3,2,3,9,1,3,4,4,3,4,5,15,2,3,5,10,2,2,6,12,97,0,2
9/18/2025 5:32,Yes,Yes,Public Higher Education Institutions,BSIT ,"STEM (e.g.): Engineering, Computer Science, Nursing, Biology",2,2.01-2.50,Occasionally,1,Occasionally,1,Occasionally,2,Occasionally,2,Sometimes,3,Often,3,Often,3,Often,3,Neutral,Agree,Neutral,Agree,Neutral,Agree,Agree,Agree,Disagree,Neutral,3,Neutral,Agree,4,,,94,Regular,FALSE,,3,3.8,3,4,2,1,1,2,2,1,2,4,2,2,3,6,2,2,3,6,3,3,4,12,4,3,5,20,4,3,5,20,4,3,6,24,97,0,2
9/18/2025 5:34,Yes,Yes,Public Higher Education Institutions,BSIT,"STEM (e.g.): Engineering, Computer Science, Nursing, Biology",2,2.01-2.50,Often,1,Often,1,Often,1,Often,1,Often,2,Often,2,Often,2,Often,3,Strongly Agree,Strongly Agree,Strongly Agree,Neutral,Strongly Agree,Agree,Agree,Disagree,Disagree,Agree,5,Agree,Strongly Agree,4,,,116,Regular,FALSE,,4.6,3.6,5,4,4,1,1,4,4,1,2,8,4,1,3,12,4,1,3,12,4,2,4,16,4,2,5,20,4,2,5,20,4,3,6,24,97,1,1
9/18/2025 5:42,Yes,Yes,Public Higher Education Institutions,BSIT,"STEM (e.g.): Engineering, Computer Science, Nursing, Biology",2,1.51-1.75,Sometimes,2,Sometimes,2,Sometimes,2,Occasionally,2,Never,3,Occasionally,2,Occasionally,2,Occasionally,2,Disagree,Neutral,Disagree,Disagree,Strongly Disagree,Disagree,Disagree,Disagree,Disagree,Disagree,2,Disagree,Disagree,1,,,60,Regular,FALSE,,2.4,2.4,2,1,3,2,1,3,3,2,2,6,3,2,3,9,2,2,3,6,1,3,4,4,2,2,5,10,2,2,5,10,2,2,6,12,97,0,0
9/18/2025 5:43,Yes,Yes,Public Higher Education Institutions,Information Technology,"STEM (e.g.): Engineering, Computer Science, Nursing, Biology",2,1.76-2.00,Never,3,Occasionally,3,Sometimes,4,Never,3,Occasionally,3,Sometimes,4,Occasionally,4,Never,3,Neutral,Agree,Agree,Agree,Strongly Disagree,Strongly Agree,Agree,Neutral,Neutral,Agree,3,Agree,Neutral,4,,,56,Regular,FALSE,,2.8,3.8,3,4,1,3,1,1,2,3,2,4,3,4,3,9,1,3,3,3,2,3,4,8,3,4,5,15,2,4,5,10,1,3,6,6,97,0,2
9/18/2025 5:43,Yes,Yes,Public Higher Education Institutions,BSIT,"STEM (e.g.): Engineering, Computer Science, Nursing, Biology",2,2.01-2.50,Sometimes,4,Occasionally,4,Occasionally,3,Sometimes,3,Sometimes,4,Always,4,Always,4,Sometimes,2,Neutral,Neutral,Neutral,Neutral,Neutral,Agree,Agree,Agree,Disagree,Agree,4,Agree,Neutral,5,,,102,Regular,FALSE,,3,4,4,5,3,4,1,3,2,4,2,4,2,3,3,6,3,3,3,9,3,4,4,12,5,4,5,25,5,4,5,25,3,2,6,18,97,1,2
9/18/2025 5:54,Yes,Yes,Public Higher Education Institutions,Bachelor of Science in Information Technology ,"STEM (e.g.): Engineering, Computer Science, Nursing, Biology",2,2.01-2.50,Sometimes,3,Sometimes,3,Never,1,Occasionally,1,Occasionally,1,Occasionally,2,Never,1,Never,1,Neutral,Strongly Agree,Strongly Agree,Strongly Disagree,Strongly Agree,Neutral,Neutral,Agree,Neutral,Neutral,2,Neutral,Neutral,4,,,47,Regular,FALSE,,4.6,3.2,2,4,3,3,1,3,3,3,2,6,1,1,3,3,2,1,3,6,2,1,4,8,2,2,5,10,1,1,5,5,1,1,6,6,97,0,2
9/18/2025 5:54,Yes,Yes,Public Higher Education Institutions,BSIT-22,"STEM (e.g.): Engineering, Computer Science, Nursing, Biology",2,2.01-2.50,Occasionally,2,Occasionally,2,Occasionally,2,Occasionally,2,Occasionally,2,Sometimes,2,Occasionally,2,Never,2,Neutral,Disagree,Disagree,Disagree,Neutral,Neutral,Neutral,Disagree,Disagree,Agree,2,Disagree,Disagree,3,,,57,Regular,FALSE,,2.8,3.2,2,3,2,2,1,2,2,2,2,4,2,2,3,6,2,2,3,6,2,2,4,8,3,2,5,15,2,2,5,10,1,2,6,6,97,0,0
9/18/2025 6:11,Yes,Yes,Public Higher Education Institutions,BSIT,"STEM (e.g.): Engineering, Computer Science, Nursing, Biology",2,1.26-1.50,Never,1,Occasionally,2,Occasionally,3,Never,2,Sometimes,3,Sometimes,3,Occasionally,2,Never,4,Neutral,Agree,Disagree,Agree,Agree,Disagree,Neutral,Agree,Disagree,Agree,2,Disagree,Neutral,3,,,57,Regular,FALSE,,3,3.4,2,3,1,1,1,1,2,2,2,4,2,3,3,6,1,2,3,3,3,3,4,12,3,3,5,15,2,2,5,10,1,4,6,6,97,0,2
9/18/2025 6:17,Yes,Yes,Public Higher Education Institutions,Bsit,"Non-STEM (e.g.): Business Administration, Psychology, Communication, Education",2,2.51-3.00,Occasionally,2,Sometimes,2,Often,2,Often,3,Occasionally,2,Occasionally,1,Sometimes,3,Often,4,Agree,Neutral,Disagree,Neutral,Strongly Agree,Neutral,Disagree,Strongly Agree,Strongly Disagree,Neutral,3,Neutral,Agree,3,,,89,Regular,FALSE,,3.4,3.6,3,3,2,2,1,2,3,2,2,6,4,2,3,12,4,3,3,12,2,2,4,8,2,1,5,10,3,3,5,15,4,4,6,24,97,0,2
9/18/2025 6:21,Yes,Yes,Public Higher Education Institutions,BSIT ,"Non-STEM (e.g.): Business Administration, Psychology, Communication, Education",2,1.00-1.25,Always,1,Always,3,Always,2,Always,4,Always,5,Always,5,Always,5,Always,5,Strongly Agree,Agree,Strongly Agree,Neutral,Neutral,Strongly Agree,Strongly Agree,Agree,Neutral,Strongly Agree,5,Agree,Strongly Agree,4,,,145,Over-reliant,TRUE,solve_complex,4,4.4,5,4,5,1,1,5,5,3,2,10,5,2,3,15,5,4,3,15,5,5,4,20,5,5,5,25,5,5,5,25,5,5,6,30,97,1,1
9/18/2025 6:26,Yes,Yes,Public Higher Education Institutions,Bachelor of Science in Information Technology ,"STEM (e.g.): Engineering, Computer Science, Nursing, Biology",2,2.51-3.00,Never,2,Occasionally,2,Occasionally,1,Sometimes,4,Occasionally,3,Occasionally,3,Occasionally,3,Sometimes,3,Agree,Neutral,Agree,Disagree,Neutral,Agree,Agree,Agree,Disagree,Agree,3,Agree,Agree,4,,,66,Regular,FALSE,,3.6,4,3,4,1,2,1,1,2,2,2,4,2,1,3,6,3,4,3,9,2,3,4,8,2,3,5,10,2,3,5,10,3,3,6,18,97,0,2
9/18/2025 6:28,Yes,Yes,Public Higher Education Institutions,BSIT,"STEM (e.g.): Engineering, Computer Science, Nursing, Biology",2,2.01-2.50,Sometimes,3,Often,3,Sometimes,4,Sometimes,3,Sometimes,4,Sometimes,2,Often,5,Sometimes,3,Neutral,Strongly Agree,Agree,Neutral,Neutral,Neutral,Neutral,Agree,Neutral,Agree,4,Neutral,Agree,4,,,94,Regular,FALSE,,3.6,3.4,4,4,3,3,1,3,4,3,2,8,3,4,3,9,3,3,3,9,3,4,4,12,3,2,5,15,4,5,5,20,3,3,6,18,97,0,2
9/18/2025 6:29,Yes,Yes,Private Higher Education Institutions,Bachelor of Science in Information Technology,"STEM (e.g.): Engineering, Computer Science, Nursing, Biology",2,2.51-3.00,Sometimes,3,Sometimes,3,Sometimes,3,Sometimes,3,Sometimes,3,Sometimes,3,Sometimes,3,Sometimes,3,Neutral,Neutral,Neutral,Neutral,Neutral,Agree,Neutral,Neutral,Neutral,Neutral,3,Neutral,Neutral,3,,,87,Regular,FALSE,,3,3.2,3,3,3,3,1,3,3,3,2,6,3,3,3,9,3,3,3,9,3,3,4,12,3,3,5,15,3,3,5,15,3,3,6,18,97,0,2
9/18/2025 6:39,Yes,Yes,Public Higher Education Institutions,BSIT,"STEM (e.g.): Engineering, Computer Science, Nursing, Biology",2,1.76-2.00,Always,2,Always,3,Never,1,Often,3,Occasionally,2,Sometimes,2,Sometimes,2,Occasionally,2,Agree,Agree,Agree,Agree,Agree,Agree,Agree,Agree,Agree,Agree,3,Neutral,Neutral,2,,,80,Regular,FALSE,,3.6,3.6,3,2,5,2,1,5,5,3,2,10,1,1,3,3,4,3,3,12,2,2,4,8,3,2,5,15,3,2,5,15,2,2,6,12,97,0,2
9/18/2025 6:52,Yes,Yes,Public Higher Education Institutions,BSIT,"STEM (e.g.): Engineering, Computer Science, Nursing, Biology",2,2.01-2.50,Often,3,Often,4,Often,3,Often,3,Sometimes,3,Sometimes,3,Sometimes,3,Sometimes,3,Neutral,Neutral,Disagree,Agree,Disagree,Neutral,Neutral,Neutral,Agree,Neutral,3,Neutral,Neutral,3,,,96,Regular,FALSE,,2.4,2.8,3,3,4,3,1,4,4,4,2,8,4,3,3,12,4,3,3,12,3,3,4,12,3,3,5,15,3,3,5,15,3,3,6,18,97,0,0
9/18/2025 6:52,Yes,Yes,Public Higher Education Institutions,BSIT ,"Non-STEM (e.g.): Business Administration, Psychology, Communication, Education",2,1.26-1.50,Often,2,Often,2,Often,2,Often,2,Often,2,Often,2,Sometimes,2,Often,2,Neutral,Agree,Neutral,Neutral,Agree,Agree,Agree,Agree,Disagree,Agree,3,Neutral,Agree,4,,,111,Regular,FALSE,,3.4,4,3,4,4,2,1,4,4,2,2,8,4,2,3,12,4,2,3,12,4,2,4,16,4,2,5,20,3,2,5,15,4,2,6,24,97,1,1
9/18/2025 7:01,Yes,Yes,Public Higher Education Institutions,Bsit,"Non-STEM (e.g.): Business Administration, Psychology, Communication, Education",2,2.51-3.00,Occasionally,2,Occasionally,1,Occasionally,2,Occasionally,2,Occasionally,2,Occasionally,2,Occasionally,2,Occasionally,2,Strongly Disagree,Neutral,Disagree,Agree,Neutral,Strongly Disagree,Disagree,Neutral,Disagree,Disagree,2,Strongly Disagree,Strongly Disagree,1,,,58,Regular,FALSE,,2.2,2.4,2,1,2,2,1,2,2,1,2,4,2,2,3,6,2,2,3,6,2,2,4,8,2,2,5,10,2,2,5,10,2,2,6,12,97,0,0
9/18/2025 7:09,Yes,Yes,Public Higher Education Institutions,Bsit-23,"STEM (e.g.): Engineering, Computer Science, Nursing, Biology",2,2.51-3.00,Sometimes,2,Sometimes,3,Never,1,Sometimes,3,Never,1,Never,1,Occasionally,3,Occasionally,2,Neutral,Neutral,Neutral,Neutral,Neutral,Agree,Agree,Agree,Disagree,Agree,3,Neutral,Neutral,4,,,52,Regular,FALSE,,3,4,3,4,3,2,1,3,3,3,2,6,1,1,3,3,3,3,3,9,1,1,4,4,1,1,5,5,2,3,5,10,2,2,6,12,97,0,2
9/18/2025 7:19,Yes,Yes,Public Higher Education Institutions,BSIT ,"Non-STEM (e.g.): Business Administration, Psychology, Communication, Education",2,2.51-3.00,Often,2,Never,2,Occasionally,2,Occasionally,3,Occasionally,3,Occasionally,3,Occasionally,3,Occasionally,3,Neutral,Neutral,Neutral,Neutral,Neutral,Neutral,Neutral,Neutral,Neutral,Neutral,3,Neutral,Neutral,3,,,58,Regular,FALSE,,3,3,3,3,4,2,1,4,1,2,2,2,2,2,3,6,2,3,3,6,2,3,4,8,2,3,5,10,2,3,5,10,2,3,6,12,97,0,0
9/18/2025 7:20,Yes,Yes,Private Higher Education Institutions,BSIT,"Non-STEM (e.g.): Business Administration, Psychology, Communication, Education",2,2.01-2.50,Sometimes,3,Sometimes,3,Sometimes,3,Sometimes,3,Sometimes,3,Sometimes,3,Sometimes,3,Sometimes,3,Neutral,Neutral,Neutral,Neutral,Neutral,Neutral,Neutral,Neutral,Neutral,Neutral,3,Neutral,Neutral,3,,,87,Regular,FALSE,,3,3,3,3,3,3,1,3,3,3,2,6,3,3,3,9,3,3,3,9,3,3,4,12,3,3,5,15,3,3,5,15,3,3,6,18,97,0,0
9/18/2025 7:25,Yes,Yes,Public Higher Education Institutions,BSIT,"Non-STEM (e.g.): Business Administration, Psychology, Communication, Education",2,2.51-3.00,Sometimes,3,Sometimes,3,Sometimes,3,Sometimes,3,Sometimes,3,Sometimes,3,Sometimes,3,Sometimes,3,Neutral,Neutral,Neutral,Neutral,Neutral,Agree,Neutral,Neutral,Disagree,Neutral,3,Neutral,Neutral,3,,,87,Regular,FALSE,,3,3.4,3,3,3,3,1,3,3,3,2,6,3,3,3,9,3,3,3,9,3,3,4,12,3,3,5,15,3,3,5,15,3,3,6,18,97,0,2
9/18/2025 7:27,Yes,Yes,Public Higher Education Institutions,BSEE,"STEM (e.g.): Engineering, Computer Science, Nursing, Biology",1,3.01-5.00,Never,2,Occasionally,2,Often,3,Often,2,Often,2,Often,2,Sometimes,2,Sometimes,3,Neutral,Agree,Neutral,Neutral,Agree,Neutral,Agree,Neutral,Disagree,Disagree,3,Neutral,Neutral,4,,,98,Regular,FALSE,,3.4,3.2,3,4,1,2,1,1,2,2,2,4,4,3,3,12,4,2,3,12,4,2,4,16,4,2,5,20,3,2,5,15,3,3,6,18,97,1,2
9/18/2025 7:35,Yes,Yes,Public Higher Education Institutions,BSIT ,"STEM (e.g.): Engineering, Computer Science, Nursing, Biology",2,2.01-2.50,Sometimes,4,Sometimes,3,Sometimes,3,Sometimes,3,Sometimes,3,Sometimes,3,Sometimes,3,Sometimes,3,Agree,Neutral,Agree,Agree,Neutral,Agree,Agree,Agree,Agree,Agree,3,Neutral,Neutral,3,,,87,Regular,FALSE,,3.2,3.6,3,3,3,4,1,3,3,3,2,6,3,3,3,9,3,3,3,9,3,3,4,12,3,3,5,15,3,3,5,15,3,3,6,18,97,0,2
9/18/2025 7:36,Yes,Yes,Public Higher Education Institutions,BSIT,"STEM (e.g.): Engineering, Computer Science, Nursing, Biology",2,2.51-3.00,Often,3,Sometimes,3,Occasionally,3,Occasionally,2,Sometimes,2,Sometimes,2,Occasionally,3,Occasionally,3,Disagree,Disagree,Disagree,Neutral,Disagree,Neutral,Neutral,Neutral,Neutral,Neutral,3,Neutral,Neutral,3,,,71,Regular,FALSE,,2.2,3,3,3,4,3,1,4,3,3,2,6,2,3,3,6,2,2,3,6,3,2,4,12,3,2,5,15,2,3,5,10,2,3,6,12,97,0,0
9/18/2025 8:07,Yes,Yes,Public Higher Education Institutions,BSIT,"STEM (e.g.): Engineering, Computer Science, Nursing, Biology",2,1.76-2.00,Often,3,Sometimes,4,Often,2,Often,3,Sometimes,2,Occasionally,2,Often,4,Sometimes,5,Agree,Strongly Agree,Disagree,Neutral,Strongly Agree,Agree,Strongly Agree,Strongly Agree,Disagree,Neutral,4,Agree,Neutral,4,,,94,Regular,FALSE,,3.8,4.2,4,4,4,3,1,4,3,4,2,6,4,2,3,12,4,3,3,12,3,2,4,12,2,2,5,10,4,4,5,20,3,5,6,18,97,0,1
9/18/2025 8:09,Yes,Yes,Public Higher Education Institutions,BSIT ,"STEM (e.g.): Engineering, Computer Science, Nursing, Biology",2,1.51-1.75,Sometimes,3,Sometimes,3,Sometimes,3,Sometimes,3,Sometimes,3,Sometimes,3,Sometimes,3,Sometimes,3,Agree,Neutral,Agree,Neutral,Disagree,Agree,Agree,Neutral,Disagree,Agree,3,Disagree,Disagree,3,,,87,Regular,FALSE,,3.2,3.8,3,3,3,3,1,3,3,3,2,6,3,3,3,9,3,3,3,9,3,3,4,12,3,3,5,15,3,3,5,15,3,3,6,18,97,0,2
9/18/2025 8:34,Yes,Yes,Public Higher Education Institutions,Bachelor of Science in Information Technology,"Non-STEM (e.g.): Business Administration, Psychology, Communication, Education",2,1.26-1.50,Always,2,Always,2,Occasionally,1,Occasionally,2,Often,3,Occasionally,2,Always,3,Often,3,Agree,Agree,Agree,Disagree,Agree,Agree,Agree,Agree,Strongly Disagree,Agree,5,Neutral,Agree,3,,,102,Regular,FALSE,,4,4.2,5,3,5,2,1,5,5,2,2,10,2,1,3,6,2,2,3,6,4,3,4,16,2,2,5,10,5,3,5,25,4,3,6,24,97,1,1
9/18/2025 8:36,Yes,Yes,Public Higher Education Institutions,Bachelor of science information technology,"STEM (e.g.): Engineering, Computer Science, Nursing, Biology",2,2.01-2.50,Often,4,Always,3,Sometimes,5,Always,4,Always,4,Sometimes,4,Always,4,Always,3,Strongly Agree,Strongly Agree,Strongly Agree,Strongly Agree,Strongly Disagree,Strongly Agree,Strongly Agree,Disagree,Strongly Disagree,Strongly Disagree,5,Strongly Disagree,Strongly Agree,3,,,128,Regular,FALSE,,3.4,3.6,5,3,4,4,1,4,5,3,2,10,3,5,3,9,5,4,3,15,5,4,4,20,3,4,5,15,5,4,5,25,5,3,6,30,97,1,1
9/18/2025 8:37,Yes,Yes,Public Higher Education Institutions,BSIT21,"STEM (e.g.): Engineering, Computer Science, Nursing, Biology",1,1.26-1.50,Sometimes,3,Sometimes,2,Often,2,Never,3,Always,3,Sometimes,2,Often,5,Often,3,Disagree,Agree,Neutral,Agree,Agree,Strongly Agree,Strongly Agree,Neutral,Strongly Disagree,Neutral,4,Agree,Agree,4,,,103,Regular,FALSE,,3,4.2,4,4,3,3,1,3,3,2,2,6,4,2,3,12,1,3,3,3,5,3,4,20,3,2,5,15,4,5,5,20,4,3,6,24,97,1,1
9/18/2025 8:39,Yes,Yes,Public Higher Education Institutions,Bachelor of Science in Information Technology,"STEM (e.g.): Engineering, Computer Science, Nursing, Biology",2,1.26-1.50,Often,3,Sometimes,3,Often,3,Occasionally,2,Often,4,Sometimes,3,Often,4,Sometimes,3,Strongly Agree,Strongly Agree,Neutral,Disagree,Neutral,Agree,Agree,Strongly Agree,Strongly Disagree,Agree,4,Agree,Agree,3,,,97,Regular,FALSE,,4,4.4,4,3,4,3,1,4,3,3,2,6,4,3,3,12,2,2,3,6,4,4,4,16,3,3,5,15,4,4,5,20,3,3,6,18,97,1,1
9/18/2025 9:26,Yes,Yes,Public Higher Education Institutions,IT,"STEM (e.g.): Engineering, Computer Science, Nursing, Biology",2,1.26-1.50,Sometimes,2,Sometimes,3,Sometimes,3,Occasionally,3,Sometimes,2,Sometimes,3,Sometimes,2,Sometimes,2,Agree,Neutral,Agree,Agree,Disagree,Neutral,Agree,Agree,Neutral,Neutral,2,Agree,Disagree,1,,,84,Regular,FALSE,,3,3.4,2,1,3,2,1,3,3,3,2,6,3,3,3,9,2,3,3,6,3,2,4,12,3,3,5,15,3,2,5,15,3,2,6,18,97,0,2
9/18/2025 10:14,Yes,Yes,Public Higher Education Institutions,Bachelor of Science in Electrical Engineering,"STEM (e.g.): Engineering, Computer Science, Nursing, Biology",1,1.00-1.25,Occasionally,2,Occasionally,2,Sometimes,3,Sometimes,4,Occasionally,3,Occasionally,3,Sometimes,3,Sometimes,3,Neutral,Neutral,Agree,Neutral,Neutral,Agree,Agree,Neutral,Neutral,Neutral,3,Neutral,Neutral,3,,,75,Regular,FALSE,,3.2,3.4,3,3,2,2,1,2,2,2,2,4,3,3,3,9,3,4,3,9,2,3,4,8,2,3,5,10,3,3,5,15,3,3,6,18,97,0,2
9/18/2025 10:26,Yes,Yes,Public Higher Education Institutions,BSIT,"STEM (e.g.): Engineering, Computer Science, Nursing, Biology",2,1.51-1.75,Occasionally,3,Occasionally,2,Occasionally,2,Occasionally,2,Occasionally,3,Occasionally,2,Occasionally,2,Occasionally,2,Neutral,Neutral,Neutral,Neutral,Neutral,Agree,Neutral,Neutral,Neutral,Neutral,3,Neutral,Neutral,3,,,58,Regular,FALSE,,3,3.2,3,3,2,3,1,2,2,2,2,4,2,2,3,6,2,2,3,6,2,3,4,8,2,2,5,10,2,2,5,10,2,2,6,12,97,0,0
9/18/2025 11:31,Yes,Yes,Public Higher Education Institutions,bsit,"STEM (e.g.): Engineering, Computer Science, Nursing, Biology",2,1.00-1.25,Occasionally,3,Occasionally,3,Occasionally,3,Occasionally,3,Occasionally,3,Occasionally,3,Occasionally,3,Occasionally,3,Neutral,Neutral,Neutral,Strongly Disagree,Disagree,Neutral,Neutral,Neutral,Neutral,Neutral,3,Neutral,Neutral,3,,,58,Regular,FALSE,,3.2,3,3,3,2,3,1,2,2,3,2,4,2,3,3,6,2,3,3,6,2,3,4,8,2,3,5,10,2,3,5,10,2,3,6,12,97,0,0
9/18/2025 11:35,Yes,Yes,Public Higher Education Institutions,BSIT,"STEM (e.g.): Engineering, Computer Science, Nursing, Biology",2,2.01-2.50,Occasionally,2,Occasionally,2,Occasionally,1,Never,1,Occasionally,1,Never,3,Occasionally,2,Occasionally,2,Neutral,Strongly Agree,Agree,Strongly Agree,Neutral,Neutral,Neutral,Neutral,Disagree,Neutral,3,Agree,Neutral,3,,,50,Regular,FALSE,,3.2,3.2,3,3,2,2,1,2,2,2,2,4,2,1,3,6,1,1,3,3,2,1,4,8,1,3,5,5,2,2,5,10,2,2,6,12,97,0,0
9/18/2025 12:23,Yes,Yes,Public Higher Education Institutions,BSIT,"STEM (e.g.): Engineering, Computer Science, Nursing, Biology",2,3.01-5.00,Sometimes,1,Always,1,Sometimes,1,Sometimes,1,Sometimes,1,Sometimes,1,Sometimes,1,Sometimes,1,Agree,Agree,Agree,Agree,Agree,Agree,Agree,Agree,Agree,Agree,1,Agree,Agree,5,,,91,Regular,FALSE,,3.6,3.6,1,5,3,1,1,3,5,1,2,10,3,1,3,9,3,1,3,9,3,1,4,12,3,1,5,15,3,1,5,15,3,1,6,18,97,0,2
9/18/2025 12:59,Yes,Yes,Public Higher Education Institutions,Bachelor of Science in Information Technology,"Non-STEM (e.g.): Business Administration, Psychology, Communication, Education",2,1.51-1.75,Often,1,Sometimes,1,Often,1,Sometimes,1,Sometimes,3,Sometimes,2,Sometimes,1,Sometimes,2,Strongly Agree,Strongly Agree,Strongly Agree,Strongly Disagree,Strongly Agree,Strongly Agree,Strongly Agree,Strongly Agree,Strongly Disagree,Neutral,4,Strongly Agree,Strongly Agree,4,,,91,Regular,FALSE,,5,4.6,4,4,4,1,1,4,3,1,2,6,4,1,3,12,3,1,3,9,3,3,4,12,3,2,5,15,3,1,5,15,3,2,6,18,97,0,1
9/18/2025 13:00,Yes,Yes,Public Higher Education Institutions,BSIT,"Non-STEM (e.g.): Business Administration, Psychology, Communication, Education",2,2.01-2.50,Often,3,Often,3,Often,3,Often,3,Often,4,Sometimes,4,Often,4,Often,3,Neutral,Neutral,Neutral,Neutral,Neutral,Neutral,Neutral,Neutral,Neutral,Neutral,4,Neutral,Neutral,3,,,111,Regular,FALSE,,3,3,4,3,4,3,1,4,4,3,2,8,4,3,3,12,4,3,3,12,4,4,4,16,3,4,5,15,4,4,5,20,4,3,6,24,97,1,2
9/18/2025 13:30,Yes,Yes,Public Higher Education Institutions,BS Civil Engineering,"STEM (e.g.): Engineering, Computer Science, Nursing, Biology",1,1.00-1.25,Sometimes,3,Sometimes,3,Sometimes,3,Never,3,Sometimes,3,Sometimes,3,Often,3,Often,3,Neutral,Agree,Agree,Strongly Disagree,Disagree,Agree,Agree,Agree,Disagree,Agree,2,Neutral,Agree,1,,,92,Regular,FALSE,,3.6,4,2,1,3,3,1,3,3,3,2,6,3,3,3,9,1,3,3,3,3,3,4,12,3,3,5,15,4,3,5,20,4,3,6,24,97,0,1
9/18/2025 13:38,Yes,Yes,Public Higher Education Institutions,Bachelor of Science in Civil Engineering ,"STEM (e.g.): Engineering, Computer Science, Nursing, Biology",1,1.00-1.25,Occasionally,2,Never,1,Occasionally,1,Never,1,Never,1,Never,1,Never,3,Never,4,Disagree,Strongly Agree,Strongly Disagree,Neutral,Strongly Agree,Disagree,Neutral,Agree,Disagree,Strongly Disagree,1,Strongly Disagree,Neutral,1,,,33,Regular,FALSE,,3.2,2.8,1,1,2,2,1,2,1,1,2,2,2,1,3,6,1,1,3,3,1,1,4,4,1,1,5,5,1,3,5,5,1,4,6,6,97,0,0
9/18/2025 14:05,Yes,Yes,Public Higher Education Institutions,BSIT,"Non-STEM (e.g.): Business Administration, Psychology, Communication, Education",2,2.51-3.00,Always,3,Always,3,Always,3,Always,3,Always,3,Always,3,Always,3,Always,3,Neutral,Agree,Agree,Disagree,Neutral,Agree,Agree,Agree,Neutral,Neutral,4,Neutral,Agree,3,,,145,Regular,FALSE,,3.6,3.6,4,3,5,3,1,5,5,3,2,10,5,3,3,15,5,3,3,15,5,3,4,20,5,3,5,25,5,3,5,25,5,3,6,30,97,1,1
9/18/2025 20:49,Yes,Yes,Public Higher Education Institutions,IT,"STEM (e.g.): Engineering, Computer Science, Nursing, Biology",2,1.76-2.00,Sometimes,3,Occasionally,2,Occasionally,2,Never,2,Often,2,Never,3,Always,1,Occasionally,1,Neutral,Strongly Disagree,Neutral,Neutral,Neutral,Neutral,Neutral,Agree,Neutral,Agree,2,Neutral,Agree,1,,,74,Regular,FALSE,,2.6,3.4,2,1,3,3,1,3,2,2,2,4,2,2,3,6,1,2,3,3,4,2,4,16,1,3,5,5,5,1,5,25,2,1,6,12,97,0,0
9/19/2025 4:24,Yes,Yes,Public Higher Education Institutions,Bachelor of Business Administration Major in Human Resources ,"Non-STEM (e.g.): Business Administration, Psychology, Communication, Education",2,1.26-1.50,Occasionally,1,Occasionally,2,Occasionally,2,Occasionally,2,Sometimes,3,Occasionally,3,Often,4,Sometimes,3,Agree,Agree,Agree,Agree,Agree,Agree,Agree,Agree,Agree,Agree,4,Agree,Agree,5,,,78,Regular,FALSE,,3.6,3.6,4,5,2,1,1,2,2,2,2,4,2,2,3,6,2,2,3,6,3,3,4,12,2,3,5,10,4,4,5,20,3,3,6,18,97,0,2
9/19/2025 6:03,Yes,Yes,Public Higher Education Institutions,Bsba major in hr,"Non-STEM (e.g.): Business Administration, Psychology, Communication, Education",2,1.51-1.75,Sometimes,4,Sometimes,4,Sometimes,3,Often,4,Always,4,Sometimes,3,Sometimes,4,Sometimes,3,Neutral,Neutral,Neutral,Neutral,Neutral,Neutral,Disagree,Neutral,Neutral,Neutral,3,Neutral,Agree,3,,,98,Regular,FALSE,,3,2.8,3,3,3,4,1,3,3,4,2,6,3,3,3,9,4,4,3,12,5,4,4,20,3,3,5,15,3,4,5,15,3,3,6,18,97,1,0
9/19/2025 10:27,Yes,Yes,Public Higher Education Institutions,Electrical Engineering (BSEE),"STEM (e.g.): Engineering, Computer Science, Nursing, Biology",1,1.76-2.00,Sometimes,3,Sometimes,3,Often,3,Always,3,Sometimes,3,Occasionally,3,Often,3,Sometimes,3,Neutral,Neutral,Disagree,Neutral,Neutral,Neutral,Neutral,Neutral,Neutral,Neutral,3,Neutral,Neutral,2,,,96,Regular,FALSE,,2.8,3,3,2,3,3,1,3,3,3,2,6,4,3,3,12,5,3,3,15,3,3,4,12,2,3,5,10,4,3,5,20,3,3,6,18,97,0,0
9/19/2025 17:05,Yes,Yes,Private Higher Education Institutions,BS Civil Engineering,"STEM (e.g.): Engineering, Computer Science, Nursing, Biology",5+,1.76-2.00,Occasionally,1,Occasionally,1,Often,4,Occasionally,3,Occasionally,2,Never,1,Often,2,Occasionally,1,Disagree,Agree,Agree,Strongly Disagree,Agree,Agree,Agree,Agree,Disagree,Agree,3,Agree,Agree,2,,,69,Regular,FALSE,,3.8,4,3,2,2,1,1,2,2,1,2,4,4,4,3,12,2,3,3,6,2,2,4,8,1,1,5,5,4,2,5,20,2,1,6,12,97,0,2
9/19/2025 18:17,Yes,Yes,Public Higher Education Institutions,BSBA,"Non-STEM (e.g.): Business Administration, Psychology, Communication, Education",2,1.51-1.75,Sometimes,2,Sometimes,2,Sometimes,2,Sometimes,2,Sometimes,2,Sometimes,2,Sometimes,2,Sometimes,2,Agree,Disagree,Agree,Agree,Neutral,Agree,Agree,Agree,Neutral,Neutral,4,Agree,Agree,3,,,87,Regular,FALSE,,3,3.6,4,3,3,2,1,3,3,2,2,6,3,2,3,9,3,2,3,9,3,2,4,12,3,2,5,15,3,2,5,15,3,2,6,18,97,0,2
9/19/2025 19:12,Yes,Yes,Public Higher Education Institutions,BSIT,"STEM (e.g.): Engineering, Computer Science, Nursing, Biology",2,2.01-2.50,Sometimes,2,Sometimes,4,Often,4,Sometimes,3,Often,4,Sometimes,3,Always,3,Always,5,Agree,Strongly Agree,Agree,Disagree,Agree,Agree,Neutral,Agree,Neutral,Neutral,3,Agree,Agree,4,,,116,Over-reliant,TRUE,solve_complex,4.2,3.4,3,4,3,2,1,3,3,4,2,6,4,4,3,12,3,3,3,9,4,4,4,16,3,3,5,15,5,3,5,25,5,5,6,30,97,1,1
9/20/2025 9:54,Yes,Yes,Public Higher Education Institutions,BS Psychology,"Non-STEM (e.g.): Business Administration, Psychology, Communication, Education",4,1.51-1.75,Sometimes,2,Occasionally,2,Never,1,Never,1,Never,1,Never,1,Occasionally,2,Never,2,Neutral,Agree,Neutral,Disagree,Agree,Neutral,Neutral,Agree,Disagree,Agree,3,Neutral,Neutral,3,,,38,Regular,FALSE,,3.6,3.6,3,3,3,2,1,3,2,2,2,4,1,1,3,3,1,1,3,3,1,1,4,4,1,1,5,5,2,2,5,10,1,2,6,6,97,0,2
9/20/2025 13:31,Yes,Yes,Public Higher Education Institutions,BS Psychology ,"Non-STEM (e.g.): Business Administration, Psychology, Communication, Education",4,1.51-1.75,Often,2,Occasionally,2,Always,4,Sometimes,3,Sometimes,3,Often,4,Sometimes,4,Sometimes,2,Agree,Agree,Agree,Disagree,Agree,Agree,Agree,Agree,Disagree,Agree,4,Agree,Strongly Agree,4,,,97,Regular,FALSE,,4,4,4,4,4,2,1,4,2,2,2,4,5,4,3,15,3,3,3,9,3,3,4,12,4,4,5,20,3,4,5,15,3,2,6,18,97,1,1
9/20/2025 13:59,Yes,Yes,Public Higher Education Institutions,Bachelor of Science in Computer Science,"STEM (e.g.): Engineering, Computer Science, Nursing, Biology",4,1.51-1.75,Occasionally,2,Sometimes,3,Occasionally,3,Occasionally,2,Often,4,Sometimes,4,Often,4,Always,5,Agree,Agree,Agree,Disagree,Agree,Agree,Strongly Agree,Strongly Agree,Disagree,Agree,4,Agree,Agree,3,,,101,Over-reliant,TRUE,solve_complex,4,4.4,4,3,2,2,1,2,3,3,2,6,2,3,3,6,2,2,3,6,4,4,4,16,3,4,5,15,4,4,5,20,5,5,6,30,97,1,1
9/20/2025 15:16,Yes,Yes,Public Higher Education Institutions,Bachelor of Engineering Technology major in Mechanical Technology,"STEM (e.g.): Engineering, Computer Science, Nursing, Biology",3,1.76-2.00,Often,1,Often,1,Sometimes,3,Often,3,Often,2,Often,3,Often,4,Often,4,Agree,Agree,Neutral,Neutral,Disagree,Agree,Neutral,Agree,Neutral,Agree,4,Agree,Agree,4,,,113,Regular,FALSE,,3.2,3.6,4,4,4,1,1,4,4,1,2,8,3,3,3,9,4,3,3,12,4,2,4,16,4,3,5,20,4,4,5,20,4,4,6,24,97,1,1
9/20/2025 15:30,Yes,Yes,Public Higher Education Institutions,BS PSYCHOLOGY ,"STEM (e.g.): Engineering, Computer Science, Nursing, Biology",4,1.51-1.75,Sometimes,3,Sometimes,3,Sometimes,3,Sometimes,3,Sometimes,2,Sometimes,3,Sometimes,3,Sometimes,3,Neutral,Agree,Disagree,Neutral,Disagree,Neutral,Disagree,Disagree,Agree,Neutral,2,Disagree,Neutral,3,,,87,Regular,FALSE,,2.8,2.4,2,3,3,3,1,3,3,3,2,6,3,3,3,9,3,3,3,9,3,2,4,12,3,3,5,15,3,3,5,15,3,3,6,18,97,0,0
9/21/2025 23:26,Yes,Yes,Public Higher Education Institutions,CCS,"STEM (e.g.): Engineering, Computer Science, Nursing, Biology",2,2.01-2.50,Sometimes,3,Often,3,Occasionally,3,Never,3,Sometimes,3,Sometimes,3,Often,3,Sometimes,3,Neutral,Agree,Neutral,Neutral,Neutral,Neutral,Agree,Agree,Disagree,Neutral,3,Neutral,Neutral,3,,,85,Regular,FALSE,,3.2,3.6,3,3,3,3,1,3,4,3,2,8,2,3,3,6,1,3,3,3,3,3,4,12,3,3,5,15,4,3,5,20,3,3,6,18,97,0,2
9/22/2025 2:04,Yes,Yes,Public Higher Education Institutions,Political Science,"Non-STEM (e.g.): Business Administration, Psychology, Communication, Education",3,1.51-1.75,Often,1,Occasionally,1,Sometimes,3,Always,2,Sometimes,1,Occasionally,1,Often,2,Never,1,Strongly Agree,Strongly Agree,Strongly Agree,Disagree,Strongly Agree,Strongly Agree,Strongly Agree,Strongly Agree,Strongly Disagree,Neutral,4,Agree,Agree,4,,,80,Regular,FALSE,,4.8,4.6,4,4,4,1,1,4,2,1,2,4,3,3,3,9,5,2,3,15,3,1,4,12,2,1,5,10,4,2,5,20,1,1,6,6,97,0,1
9/22/2025 6:34,Yes,Yes,Public Higher Education Institutions,BS Psychology ,"Non-STEM (e.g.): Business Administration, Psychology, Communication, Education",3,1.51-1.75,Often,2,Sometimes,2,Occasionally,2,Occasionally,2,Occasionally,2,Occasionally,2,Sometimes,4,Never,4,Disagree,Agree,Disagree,Disagree,Disagree,Agree,Neutral,Agree,Disagree,Agree,3,Disagree,Agree,2,,,61,Strategic,FALSE,,2.8,3.8,3,2,4,2,1,4,3,2,2,6,2,2,3,6,2,2,3,6,2,2,4,8,2,2,5,10,3,4,5,15,1,4,6,6,97,0,2
9/22/2025 8:28,Yes,Yes,Public Higher Education Institutions,Computer Science,"STEM (e.g.): Engineering, Computer Science, Nursing, Biology",3,1.26-1.50,Sometimes,2,Sometimes,3,Sometimes,2,Sometimes,2,Sometimes,2,Sometimes,2,Sometimes,2,Sometimes,2,Neutral,Agree,Agree,Agree,Agree,Agree,Agree,Agree,Disagree,Agree,3,Agree,Agree,2,,,87,Regular,FALSE,,3.4,4,3,2,3,2,1,3,3,3,2,6,3,2,3,9,3,2,3,9,3,2,4,12,3,2,5,15,3,2,5,15,3,2,6,18,97,0,2
9/22/2025 11:40,Yes,Yes,Public Higher Education Institutions,BSBA,"Non-STEM (e.g.): Business Administration, Psychology, Communication, Education",2,1.51-1.75,Often,3,Often,3,Often,3,Often,3,Sometimes,3,Often,3,Sometimes,3,Often,3,Agree,Agree,Agree,Agree,Agree,Agree,Agree,Agree,Disagree,Agree,5,Agree,Agree,3,,,107,Regular,FALSE,,3.6,4,5,3,4,3,1,4,4,3,2,8,4,3,3,12,4,3,3,12,3,3,4,12,4,3,5,20,3,3,5,15,4,3,6,24,97,1,1
9/23/2025 13:55,Yes,Yes,Public Higher Education Institutions,BSIT ,"STEM (e.g.): Engineering, Computer Science, Nursing, Biology",3,2.01-2.50,Sometimes,4,Sometimes,4,Sometimes,4,Never,1,Sometimes,3,Sometimes,4,Sometimes,3,Sometimes,3,Neutral,Neutral,Neutral,Agree,Neutral,Agree,Neutral,Neutral,Disagree,Neutral,3,Neutral,Agree,2,,,81,Regular,FALSE,,2.8,3.4,3,2,3,4,1,3,3,4,2,6,3,4,3,9,1,1,3,3,3,3,4,12,3,4,5,15,3,3,5,15,3,3,6,18,97,0,2
9/23/2025 17:22,Yes,Yes,Public Higher Education Institutions,BSIT,"STEM (e.g.): Engineering, Computer Science, Nursing, Biology",2,1.76-2.00,Always,3,Always,2,Always,2,Often,3,Often,2,Often,3,Often,4,Sometimes,3,Agree,Agree,Agree,Strongly Agree,Neutral,Agree,Agree,Agree,Strongly Agree,Neutral,4,Agree,Neutral,4,,,116,Regular,FALSE,,3.2,3.2,4,4,5,3,1,5,5,2,2,10,5,2,3,15,4,3,3,12,4,2,4,16,4,3,5,20,4,4,5,20,3,3,6,18,97,1,2
9/23/2025 17:51,No,Yes,Public Higher Education Institutions,Tourism Management,"Non-STEM (e.g.): Business Administration, Psychology, Communication, Education",2,1.26-1.50,Sometimes,2,Occasionally,2,Occasionally,1,Never,1,Occasionally,2,Never,1,Sometimes,2,Occasionally,2,Neutral,Agree,Agree,Neutral,Agree,Neutral,Agree,Disagree,Agree,Disagree,2,Neutral,Neutral,3,,,56,Regular,FALSE,,3.6,2.6,2,3,3,2,1,3,2,2,2,4,2,1,3,6,1,1,3,3,2,2,4,8,1,1,5,5,3,2,5,15,2,2,6,12,97,0,0
9/23/2025 23:39,Yes,Yes,Public Higher Education Institutions,BSIT,"STEM (e.g.): Engineering, Computer Science, Nursing, Biology",2,2.51-3.00,Sometimes,3,Often,3,Occasionally,2,Sometimes,2,Sometimes,2,Never,2,Often,4,Occasionally,3,Neutral,Neutral,Agree,Disagree,Agree,Agree,Agree,Agree,Neutral,Agree,2,Agree,Agree,5,,,75,Regular,FALSE,,3.6,3.8,2,5,3,3,1,3,4,3,2,8,2,2,3,6,3,2,3,9,3,2,4,12,1,2,5,5,4,4,5,20,2,3,6,12,97,0,2
9/24/2025 19:29,Yes,Yes,Public Higher Education Institutions,BSIT,"STEM (e.g.): Engineering, Computer Science, Nursing, Biology",2,1.76-2.00,Often,2,Often,3,Always,3,Occasionally,2,Never,1,Always,4,Occasionally,2,Sometimes,3,Strongly Agree,Strongly Agree,Agree,Neutral,Agree,Strongly Agree,Strongly Agree,Strongly Agree,Neutral,Strongly Agree,4,Strongly Agree,Agree,4,,,90,Regular,FALSE,,4.2,4.6,4,4,4,2,1,4,4,3,2,8,5,3,3,15,2,2,3,6,1,1,4,4,5,4,5,25,2,2,5,10,3,3,6,18,97,0,1
9/24/2025 20:09,Yes,Yes,Public Higher Education Institutions,Bachelor of Science in Information Technology,"STEM (e.g.): Engineering, Computer Science, Nursing, Biology",2,1.76-2.00,Sometimes,2,Often,3,Often,3,Occasionally,1,Occasionally,1,Sometimes,3,Often,3,Sometimes,3,Neutral,Agree,Agree,Disagree,Agree,Agree,Agree,Agree,Disagree,Agree,3,Neutral,Agree,3,,,90,Regular,FALSE,,3.8,4,3,3,3,2,1,3,4,3,2,8,4,3,3,12,2,1,3,6,2,1,4,8,3,3,5,15,4,3,5,20,3,3,6,18,97,0,1
9/25/2025 22:50,Yes,Yes,Public Higher Education Institutions,BSBA ,"Non-STEM (e.g.): Business Administration, Psychology, Communication, Education",2,1.51-1.75,Sometimes,2,Sometimes,1,Often,2,Sometimes,2,Occasionally,3,Sometimes,2,Often,4,Sometimes,3,Agree,Agree,Strongly Agree,Disagree,Strongly Agree,Agree,Agree,Agree,Disagree,Agree,3,Agree,Agree,4,,,91,Regular,FALSE,,4.4,4,3,4,3,2,1,3,3,1,2,6,4,2,3,12,3,2,3,9,2,3,4,8,3,2,5,15,4,4,5,20,3,3,6,18,97,0,1
9/26/2025 0:28,Yes,Yes,Private Higher Education Institutions,CS,"STEM (e.g.): Engineering, Computer Science, Nursing, Biology",3,1.76-2.00,Often,3,Often,3,Sometimes,3,Occasionally,1,Sometimes,3,Occasionally,3,Sometimes,3,Sometimes,3,Agree,Neutral,Agree,Strongly Agree,Neutral,Agree,Strongly Agree,Strongly Agree,Disagree,Agree,5,Neutral,Agree,5,,,82,Regular,FALSE,,3,4.4,5,5,4,3,1,4,4,3,2,8,3,3,3,9,2,1,3,6,3,3,4,12,2,3,5,10,3,3,5,15,3,3,6,18,97,0,2
9/26/2025 1:01,Yes,Yes,Private Higher Education Institutions,IT,"STEM (e.g.): Engineering, Computer Science, Nursing, Biology",2,2.51-3.00,Occasionally,2,Sometimes,3,Often,3,Occasionally,3,Occasionally,3,Sometimes,3,Occasionally,2,Sometimes,3,Neutral,Agree,Neutral,Neutral,Agree,Agree,Neutral,Agree,Neutral,Agree,4,Neutral,Agree,3,,,77,Regular,FALSE,,3.4,3.6,4,3,2,2,1,2,3,3,2,6,4,3,3,12,2,3,3,6,2,3,4,8,3,3,5,15,2,2,5,10,3,3,6,18,97,0,2
9/26/2025 5:28,Yes,Yes,Private Higher Education Institutions,BS Computer Engineering ,"STEM (e.g.): Engineering, Computer Science, Nursing, Biology",3,2.01-2.50,Always,3,Sometimes,3,Occasionally,3,Occasionally,2,Often,3,Often,3,Sometimes,3,Occasionally,3,Agree,Neutral,Agree,Neutral,Agree,Strongly Agree,Strongly Agree,Strongly Agree,Disagree,Agree,4,Neutral,Agree,3,,,86,Regular,FALSE,,3.6,4.6,4,3,5,3,1,5,3,3,2,6,2,3,3,6,2,2,3,6,4,3,4,16,4,3,5,20,3,3,5,15,2,3,6,12,97,0,1
9/26/2025 14:37,Yes,Yes,Public Higher Education Institutions,Bachelor in Science and Information Technology ,"STEM (e.g.): Engineering, Computer Science, Nursing, Biology",2,2.01-2.50,Sometimes,3,Sometimes,3,Occasionally,3,Often,3,Often,2,Occasionally,2,Often,4,Often,4,Agree,Neutral,Neutral,Neutral,Neutral,Neutral,Agree,Agree,Neutral,Agree,4,Neutral,Agree,4,,,97,Regular,FALSE,,3.2,3.6,4,4,3,3,1,3,3,3,2,6,2,3,3,6,4,3,3,12,4,2,4,16,2,2,5,10,4,4,5,20,4,4,6,24,97,1,2
9/26/2025 18:44,Yes,Yes,Private Higher Education Institutions,BSBA-MM,"Non-STEM (e.g.): Business Administration, Psychology, Communication, Education",1,1.26-1.50,Sometimes,2,Often,2,Always,2,Always,2,Sometimes,1,Often,2,Always,1,Often,2,Neutral,Agree,Neutral,Neutral,Neutral,Neutral,Neutral,Disagree,Disagree,Disagree,2,Neutral,Neutral,4,,,122,Regular,FALSE,,3.2,2.8,2,4,3,2,1,3,4,2,2,8,5,2,3,15,5,2,3,15,3,1,4,12,4,2,5,20,5,1,5,25,4,2,6,24,97,1,2
9/27/2025 20:01,Yes,Yes,Private Higher Education Institutions,BSCE,"STEM (e.g.): Engineering, Computer Science, Nursing, Biology",2,2.01-2.50,Sometimes,1,Sometimes,2,Often,3,Sometimes,2,Often,3,Often,3,Always,4,Always,5,Neutral,Agree,Agree,Disagree,Strongly Agree,Agree,Neutral,Agree,Neutral,Neutral,4,Agree,Neutral,3,,,121,Over-reliant,TRUE,solve_complex,4,3.4,4,3,3,1,1,3,3,2,2,6,4,3,3,12,3,2,3,9,4,3,4,16,4,3,5,20,5,4,5,25,5,5,6,30,97,1,1
9/27/2025 22:35,Yes,Yes,Public Higher Education Institutions,BSEE,"STEM (e.g.): Engineering, Computer Science, Nursing, Biology",1,1.76-2.00,Sometimes,2,Sometimes,2,Often,2,Never,1,Occasionally,2,Occasionally,1,Never,3,Never,3,Agree,Agree,Neutral,Disagree,Disagree,Agree,Agree,Disagree,Disagree,Agree,4,Agree,Agree,1,,,53,Regular,FALSE,,3.4,3.6,4,1,3,2,1,3,3,2,2,6,4,2,3,12,1,1,3,3,2,2,4,8,2,1,5,10,1,3,5,5,1,3,6,6,97,0,2
9/29/2025 11:51,Yes,Yes,Public Higher Education Institutions,STEM,"STEM (e.g.): Engineering, Computer Science, Nursing, Biology",2,2.01-2.50,Occasionally,4,Occasionally,2,Occasionally,2,Occasionally,2,Occasionally,2,Occasionally,1,Sometimes,3,Occasionally,2,Neutral,Neutral,Neutral,Neutral,Neutral,Neutral,Neutral,Neutral,Neutral,Neutral,3,Neutral,Neutral,3,,,63,Regular,FALSE,,3,3,3,3,2,4,1,2,2,2,2,4,2,2,3,6,2,2,3,6,2,2,4,8,2,1,5,10,3,3,5,15,2,2,6,12,97,0,0
10/1/2025 9:04,Yes,Yes,Private Higher Education Institutions,BSIT,"STEM (e.g.): Engineering, Computer Science, Nursing, Biology",2,2.01-2.50,Sometimes,3,Sometimes,3,Sometimes,3,Sometimes,3,Sometimes,3,Sometimes,3,Sometimes,3,Sometimes,3,Neutral,Neutral,Neutral,Neutral,Neutral,Neutral,Neutral,Neutral,Neutral,Neutral,3,Neutral,Neutral,3,,,87,Regular,FALSE,,3,3,3,3,3,3,1,3,3,3,2,6,3,3,3,9,3,3,3,9,3,3,4,12,3,3,5,15,3,3,5,15,3,3,6,18,97,0,0
10/2/2025 9:16,Yes,Yes,Public Higher Education Institutions,Bsit,"STEM (e.g.): Engineering, Computer Science, Nursing, Biology",2,1.76-2.00,Never,1,Occasionally,2,Occasionally,3,Sometimes,4,Occasionally,3,Never,3,Sometimes,3,Sometimes,4,Neutral,Neutral,Disagree,Neutral,Neutral,Neutral,Neutral,Neutral,Neutral,Neutral,3,Neutral,Neutral,3,,,66,Regular,FALSE,,2.8,3,3,3,1,1,1,1,2,2,2,4,2,3,3,6,3,4,3,9,2,3,4,8,1,3,5,5,3,3,5,15,3,4,6,18,97,0,0
10/2/2025 9:18,Yes,Yes,Public Higher Education Institutions,BSIT,"STEM (e.g.): Engineering, Computer Science, Nursing, Biology",2,2.01-2.50,Often,3,Sometimes,2,Never,2,Occasionally,3,Sometimes,3,Never,2,Occasionally,2,Occasionally,2,Neutral,Agree,Agree,Agree,Agree,Agree,Agree,Agree,Neutral,Agree,4,Agree,Agree,4,,,58,Regular,FALSE,,3.4,3.8,4,4,4,3,1,4,3,2,2,6,1,2,3,3,2,3,3,6,3,3,4,12,1,2,5,5,2,2,5,10,2,2,6,12,97,0,2
10/2/2025 9:20,Yes,Yes,Public Higher Education Institutions,BSIT,"STEM (e.g.): Engineering, Computer Science, Nursing, Biology",2,2.51-3.00,Sometimes,3,Sometimes,3,Sometimes,3,Sometimes,3,Sometimes,3,Sometimes,3,Sometimes,3,Sometimes,3,Neutral,Neutral,Neutral,Neutral,Neutral,Neutral,Neutral,Neutral,Neutral,Neutral,3,Neutral,Neutral,3,,,87,Regular,FALSE,,3,3,3,3,3,3,1,3,3,3,2,6,3,3,3,9,3,3,3,9,3,3,4,12,3,3,5,15,3,3,5,15,3,3,6,18,97,0,0
10/2/2025 9:23,Yes,Yes,Public Higher Education Institutions,BSIT,"STEM (e.g.): Engineering, Computer Science, Nursing, Biology",2,2.01-2.50,Sometimes,3,Sometimes,3,Sometimes,3,Sometimes,3,Sometimes,3,Sometimes,3,Sometimes,3,Sometimes,3,Neutral,Neutral,Neutral,Neutral,Neutral,Neutral,Neutral,Neutral,Neutral,Neutral,3,Neutral,Neutral,3,,,87,Regular,FALSE,,3,3,3,3,3,3,1,3,3,3,2,6,3,3,3,9,3,3,3,9,3,3,4,12,3,3,5,15,3,3,5,15,3,3,6,18,97,0,0
10/6/2025 9:14,Yes,Yes,Public Higher Education Institutions,it,"STEM (e.g.): Engineering, Computer Science, Nursing, Biology",2,2.01-2.50,Sometimes,2,Sometimes,2,Sometimes,2,Sometimes,2,Sometimes,2,Sometimes,2,Sometimes,2,Sometimes,2,Neutral,Neutral,Neutral,Neutral,Neutral,Agree,Neutral,Agree,Disagree,Neutral,3,Neutral,Neutral,3,,,87,Regular,FALSE,,3,3.6,3,3,3,2,1,3,3,2,2,6,3,2,3,9,3,2,3,9,3,2,4,12,3,2,5,15,3,2,5,15,3,2,6,18,97,0,2
10/7/2025 9:58,Yes,Yes,Public Higher Education Institutions,Information technology ,"Non-STEM (e.g.): Business Administration, Psychology, Communication, Education",2,2.01-2.50,Occasionally,3,Always,4,Always,5,Sometimes,4,Sometimes,3,Often,4,Sometimes,3,Sometimes,3,Neutral,Agree,Disagree,Agree,Neutral,Neutral,Neutral,Strongly Agree,Neutral,Neutral,3,Neutral,Disagree,4,,,101,Regular,FALSE,,2.8,3.4,3,4,2,3,1,2,5,4,2,10,5,5,3,15,3,4,3,9,3,3,4,12,4,4,5,20,3,3,5,15,3,3,6,18,97,1,2
